,Neighbourhood,Neighbourhood Id,Total Area,Total Population,Pop - Males,Pop - Females,Pop 0 - 4 years,Pop 5 - 9 years,Pop 10 - 14 years,Pop 15 -19 years,Pop 20 - 24 years,Pop  25 - 29 years,Pop 30 - 34 years,Pop 35 - 39 years,Pop 40 - 44 years,Pop 45 - 49 years,Pop 50 - 54 years,Pop 55 - 59 years,Pop 60 - 64 years,Pop 65 - 69 years,Pop 70 - 74 years,Pop 75 - 79 years,Pop 80 - 84 years,Pop 85 years and over,Home Language Category,Language - Chinese,Language - Tamil,Language - Italian,Language - Spanish,Language - Portuguese,Language - Tagalog,Language - Urdu,Language - Russian,Language - Persian (Farsi),Language - Korean,Child 0-14,Youth 15-24,Seniors 55 and over,Seniors 65 and over,City Grants Funding $,Walk Score,Salvation Army Donors,Watermain Breaks,Neighbourhood Equity Score,Social Assistance Recipients,Local Employment,Businesses,Debt Risk Score,Home Prices,Child Care Spaces,Drug Arrests,Assaults,Sexual Assaults,Break & Enters,Robberies,Vehicle Thefts,Thefts,Murders,Arsons,Fires & Fire Alarms,Fire Vehicle Incidents,Hazardous Incidents,Total Major Crime Incidents,Fire Medical Calls,Traffic Collisions,Road Kilometres,Road Volume,TTC Stops,Pedestrian/Other Collisions
0,West Humber-Clairville,1.0,30.09,34100.0,17095.0,17000.0,1865.0,1950.0,2155.0,2550.0,2855.0,2755.0,2360.0,2175.0,2445.0,2545.0,2360.0,1975.0,1780.0,1345.0,1070.0,895.0,585.0,410.0,32215.0,475.0,715.0,925.0,1100.0,205.0,850.0,715.0,15.0,160.0,95.0,5960.0,5400.0,8095.0,4330.0,123283.0,57.0,640.0,30.0,,2912.0,58271.0,2463.0,719.0,317508.0,195.0,62.0,390.0,68.0,175.0,82.0,288.0,54.0,0.0,4.0,705.0,502.0,210.0,1119.0,1321.0,778.0,165.00737880000003,5956.638889,338.0,727.0
1,Mount Olive-Silverstone-Jamestown,2.0,4.6,32790.0,16015.0,16765.0,2575.0,2535.0,2555.0,2620.0,2400.0,2335.0,2355.0,2530.0,2500.0,2370.0,2050.0,1610.0,1360.0,1055.0,775.0,605.0,340.0,170.0,31140.0,275.0,1420.0,750.0,820.0,115.0,345.0,1075.0,50.0,350.0,60.0,7665.0,5015.0,5935.0,2955.0,238172.0,61.0,222.0,8.0,,6561.0,3244.0,271.0,687.0,251119.0,60.0,90.0,316.0,75.0,61.0,78.0,62.0,7.0,1.0,3.0,361.0,59.0,176.0,690.0,1016.0,154.0,33.86731754,3514.166667,70.0,224.0
2,Thistletown-Beaumond Heights,3.0,3.4,10140.0,4920.0,5225.0,575.0,580.0,670.0,675.0,675.0,675.0,600.0,640.0,745.0,780.0,690.0,565.0,515.0,420.0,370.0,405.0,290.0,260.0,9455.0,95.0,120.0,705.0,570.0,105.0,130.0,300.0,15.0,115.0,35.0,1815.0,1350.0,2825.0,1740.0,7296.0,54.0,218.0,9.0,,1276.0,1311.0,217.0,718.0,414216.0,25.0,16.0,85.0,24.0,36.0,17.0,12.0,2.0,0.0,0.0,90.0,48.0,34.0,192.0,323.0,69.0,27.87682004,3545.0,45.0,109.0
3,Rexdale-Kipling,4.0,2.5,10485.0,5035.0,5455.0,495.0,520.0,570.0,665.0,650.0,645.0,600.0,645.0,745.0,825.0,865.0,710.0,630.0,455.0,415.0,385.0,360.0,300.0,9855.0,95.0,70.0,475.0,700.0,145.0,180.0,215.0,30.0,95.0,30.0,1590.0,1315.0,3245.0,1905.0,35100.0,58.0,336.0,5.0,,1323.0,1178.0,144.0,721.0,392271.0,75.0,15.0,59.0,20.0,32.0,16.0,18.0,3.0,1.0,0.0,94.0,34.0,55.0,164.0,305.0,96.0,25.23712912,7621.333333,40.0,62.0
4,Elms-Old Rexdale,5.0,2.9,9550.0,4615.0,4935.0,670.0,720.0,720.0,725.0,655.0,570.0,595.0,600.0,750.0,720.0,710.0,545.0,475.0,350.0,265.0,235.0,145.0,100.0,9190.0,90.0,60.0,510.0,670.0,80.0,195.0,140.0,30.0,285.0,55.0,2110.0,1380.0,2110.0,1100.0,0.0,48.0,152.0,10.0,,1683.0,903.0,67.0,692.0,233832.0,60.0,14.0,77.0,5.0,25.0,23.0,22.0,19.0,0.0,1.0,107.0,71.0,43.0,185.0,321.0,70.0,17.07821088,4115.5,29.0,63.0
5,Kingsview Village-The Westway,6.0,5.1,21725.0,10310.0,11415.0,1515.0,1470.0,1480.0,1460.0,1435.0,1385.0,1285.0,1415.0,1490.0,1630.0,1430.0,1220.0,1095.0,845.0,780.0,750.0,605.0,440.0,20845.0,315.0,215.0,1310.0,970.0,305.0,255.0,1285.0,150.0,475.0,185.0,4470.0,2925.0,5725.0,3405.0,0.0,56.0,681.0,21.0,,4348.0,2799.0,160.0,717.0,292861.0,129.0,47.0,134.0,22.0,59.0,32.0,48.0,8.0,1.0,0.0,244.0,186.0,117.0,351.0,680.0,74.0,34.67941211,3371.0,70.0,105.0
6,Willowridge-Martingrove-Richview,7.0,5.5,21345.0,10190.0,11145.0,1110.0,1070.0,1195.0,1320.0,1355.0,1235.0,1105.0,1190.0,1460.0,1570.0,1635.0,1355.0,1220.0,925.0,910.0,1025.0,895.0,760.0,20655.0,390.0,145.0,1745.0,760.0,370.0,250.0,485.0,130.0,105.0,320.0,3415.0,2660.0,7060.0,4505.0,14425.0,51.0,1186.0,5.0,,2032.0,1843.0,169.0,750.0,511637.0,165.0,18.0,131.0,22.0,66.0,48.0,49.0,8.0,0.0,2.0,228.0,78.0,111.0,342.0,640.0,179.0,58.1905001,2446.833333,81.0,80.0
7,Humber Heights-Westmount,8.0,2.8,10580.0,4740.0,5840.0,495.0,495.0,485.0,615.0,530.0,520.0,560.0,585.0,670.0,800.0,750.0,655.0,595.0,460.0,505.0,555.0,570.0,750.0,9725.0,70.0,5.0,1090.0,405.0,315.0,40.0,55.0,200.0,45.0,85.0,1470.0,1145.0,4090.0,2850.0,32400.0,58.0,595.0,31.0,,856.0,896.0,82.0,753.0,491396.0,140.0,12.0,41.0,1.0,28.0,15.0,8.0,1.0,0.0,1.0,165.0,37.0,64.0,106.0,512.0,54.0,25.33142639,7039.0,58.0,27.0
8,Edenbridge-Humber Valley,9.0,5.5,14945.0,7075.0,7865.0,570.0,755.0,855.0,900.0,960.0,915.0,745.0,825.0,1045.0,1225.0,1250.0,1140.0,955.0,720.0,590.0,565.0,485.0,450.0,14620.0,225.0,5.0,900.0,745.0,310.0,105.0,15.0,355.0,40.0,190.0,2180.0,1860.0,4870.0,2770.0,0.0,49.0,1192.0,22.0,,751.0,1334.0,153.0,761.0,873268.0,30.0,4.0,57.0,5.0,75.0,18.0,21.0,5.0,0.0,1.0,113.0,25.0,73.0,185.0,317.0,150.0,44.71755334,4880.25,63.0,39.0
9,Princess-Rosethorn,10.0,5.2,11200.0,5470.0,5730.0,405.0,610.0,735.0,950.0,800.0,430.0,370.0,460.0,770.0,1045.0,1070.0,925.0,710.0,505.0,395.0,370.0,335.0,320.0,10965.0,325.0,20.0,465.0,110.0,145.0,65.0,35.0,110.0,70.0,245.0,1745.0,1750.0,3560.0,1930.0,0.0,48.0,1139.0,19.0,,299.0,1226.0,74.0,791.0,971668.0,367.0,16.0,48.0,1.0,50.0,17.0,16.0,9.0,0.0,0.0,76.0,22.0,54.0,157.0,214.0,78.0,55.51501804,4781.0,61.0,49.0
10,Eringate-Centennial-West Deane,11.0,8.6,18805.0,8985.0,9835.0,830.0,845.0,1085.0,1370.0,1180.0,940.0,855.0,920.0,1355.0,1635.0,1660.0,1360.0,1155.0,885.0,840.0,840.0,615.0,465.0,18310.0,575.0,65.0,640.0,470.0,480.0,220.0,155.0,325.0,60.0,395.0,2755.0,2545.0,6165.0,3650.0,0.0,57.0,950.0,12.0,,775.0,3472.0,229.0,775.0,423034.0,172.0,9.0,58.0,9.0,63.0,35.0,25.0,5.0,0.0,0.0,142.0,141.0,81.0,204.0,522.0,166.0,63.07531488,6543.222222,85.0,74.0
11,Markland Wood,12.0,2.9,10435.0,4860.0,5585.0,335.0,475.0,545.0,590.0,575.0,490.0,385.0,455.0,700.0,860.0,910.0,830.0,700.0,590.0,510.0,555.0,495.0,420.0,10145.0,225.0,15.0,210.0,130.0,145.0,80.0,15.0,180.0,25.0,180.0,1355.0,1170.0,4110.0,2575.0,1200.0,69.0,953.0,11.0,,239.0,1494.0,106.0,783.0,505350.0,105.0,10.0,42.0,3.0,24.0,20.0,14.0,0.0,0.0,0.0,71.0,50.0,26.0,113.0,251.0,76.0,27.72983914,4689.333333,29.0,53.0
12,Etobicoke West Mall,13.0,1.7,10925.0,5100.0,5830.0,585.0,565.0,630.0,720.0,705.0,650.0,625.0,700.0,795.0,920.0,870.0,700.0,570.0,370.0,370.0,380.0,365.0,435.0,10170.0,275.0,150.0,140.0,415.0,180.0,315.0,195.0,200.0,135.0,205.0,1775.0,1415.0,3170.0,1900.0,64200.0,74.0,424.0,3.0,,1091.0,4340.0,146.0,738.0,298426.0,60.0,11.0,73.0,6.0,26.0,15.0,15.0,4.0,1.0,0.0,72.0,60.0,46.0,151.0,290.0,31.0,15.67267236,3598.0,27.0,33.0
13,Islington-City Centre West,14.0,16.4,38070.0,18035.0,20055.0,1935.0,1590.0,1640.0,2015.0,2315.0,2935.0,3085.0,2835.0,2745.0,3020.0,2815.0,2535.0,2055.0,1525.0,1310.0,1235.0,1200.0,1260.0,36420.0,1060.0,205.0,1125.0,970.0,820.0,705.0,355.0,790.0,250.0,1315.0,5165.0,4315.0,11135.0,6555.0,12500.0,72.0,2012.0,32.0,,2534.0,45794.0,2263.0,755.0,491678.0,204.0,71.0,268.0,37.0,207.0,58.0,188.0,23.0,1.0,3.0,625.0,374.0,249.0,853.0,1616.0,366.0,120.1567608,5704.939394,245.0,689.0
14,Kingsway South,15.0,2.6,9175.0,4330.0,4845.0,465.0,630.0,635.0,530.0,485.0,305.0,340.0,505.0,745.0,795.0,725.0,695.0,615.0,450.0,355.0,345.0,265.0,305.0,9065.0,100.0,5.0,220.0,100.0,95.0,55.0,5.0,60.0,40.0,65.0,1720.0,1015.0,3010.0,1695.0,0.0,68.0,1047.0,4.0,,74.0,2335.0,195.0,793.0,941223.0,115.0,6.0,37.0,1.0,29.0,30.0,15.0,2.0,0.0,0.0,112.0,18.0,54.0,120.0,251.0,99.0,30.48819635,5078.333333,33.0,56.0
15,Stonegate-Queensway,16.0,7.9,24690.0,11935.0,12745.0,1395.0,1235.0,1265.0,1295.0,1190.0,1270.0,1575.0,1865.0,1990.0,2190.0,2120.0,1790.0,1515.0,940.0,830.0,755.0,635.0,825.0,23980.0,330.0,25.0,755.0,455.0,555.0,260.0,35.0,635.0,65.0,135.0,3895.0,2465.0,7295.0,3985.0,0.0,67.0,1440.0,24.0,,1593.0,5932.0,595.0,760.0,690949.0,283.0,19.0,131.0,10.0,86.0,21.0,50.0,9.0,0.0,1.0,167.0,81.0,135.0,326.0,729.0,265.0,84.63624626,7115.142856999999,106.0,155.0
16,Mimico,17.0,6.9,26550.0,12925.0,13625.0,1275.0,875.0,820.0,975.0,1360.0,2095.0,2565.0,2355.0,2065.0,2345.0,2240.0,1965.0,1700.0,1290.0,970.0,690.0,550.0,415.0,25665.0,755.0,45.0,675.0,775.0,590.0,475.0,40.0,735.0,155.0,235.0,2970.0,2345.0,7590.0,3935.0,3000.0,71.0,873.0,6.0,,2634.0,11549.0,619.0,741.0,429941.0,195.0,52.0,201.0,14.0,139.0,16.0,35.0,9.0,0.0,0.0,378.0,156.0,172.0,466.0,914.0,171.0,52.873501899999994,4599.75,126.0,134.0
17,New Toronto,18.0,3.5,10905.0,5300.0,5600.0,565.0,460.0,455.0,615.0,775.0,755.0,810.0,860.0,855.0,965.0,895.0,780.0,625.0,420.0,360.0,300.0,170.0,235.0,10455.0,155.0,30.0,75.0,240.0,145.0,295.0,35.0,160.0,20.0,115.0,1495.0,1385.0,2910.0,1485.0,0.0,79.0,279.0,6.0,,1600.0,5289.0,368.0,719.0,460811.0,90.0,42.0,137.0,8.0,69.0,37.0,28.0,0.0,0.0,0.0,223.0,45.0,83.0,321.0,543.0,109.0,27.90971541,4541.75,41.0,71.0
18,Long Branch,19.0,2.3,9630.0,4745.0,4890.0,480.0,420.0,425.0,480.0,650.0,630.0,660.0,725.0,760.0,940.0,875.0,730.0,630.0,390.0,285.0,195.0,190.0,155.0,9330.0,110.0,15.0,105.0,270.0,160.0,225.0,30.0,175.0,30.0,25.0,1315.0,1145.0,2565.0,1205.0,0.0,72.0,308.0,11.0,,1024.0,1143.0,170.0,724.0,459088.0,54.0,13.0,78.0,21.0,41.0,12.0,17.0,2.0,0.0,0.0,103.0,22.0,56.0,184.0,327.0,88.0,26.22108051,2514.5,21.0,43.0
19,Alderwood,20.0,5.0,11900.0,5765.0,6130.0,610.0,495.0,555.0,650.0,685.0,680.0,835.0,780.0,890.0,1055.0,1070.0,885.0,715.0,500.0,395.0,405.0,355.0,325.0,11565.0,180.0,15.0,590.0,160.0,425.0,260.0,10.0,190.0,20.0,40.0,1660.0,1325.0,3600.0,1990.0,0.0,70.0,599.0,20.0,,516.0,4839.0,309.0,764.0,504233.0,120.0,13.0,49.0,15.0,77.0,12.0,19.0,4.0,0.0,0.0,110.0,66.0,54.0,189.0,331.0,125.0,43.87582539,4381.0,60.0,56.0
20,Humber Summit,21.0,7.9,12530.0,6180.0,6340.0,720.0,730.0,855.0,880.0,860.0,775.0,780.0,830.0,865.0,970.0,715.0,630.0,620.0,580.0,635.0,575.0,330.0,145.0,12045.0,125.0,130.0,2220.0,650.0,130.0,85.0,1160.0,15.0,105.0,15.0,2315.0,1745.0,3545.0,2270.0,0.0,61.0,179.0,7.0,,1659.0,17950.0,1373.0,715.0,354381.0,53.0,11.0,98.0,8.0,76.0,30.0,59.0,6.0,1.0,0.0,208.0,117.0,73.0,289.0,566.0,286.0,48.83422843,4400.0909090000005,103.0,205.0
21,Humbermede,22.0,4.4,15850.0,7700.0,8150.0,1125.0,1030.0,1005.0,1100.0,1160.0,1120.0,1145.0,1100.0,1190.0,1205.0,1080.0,825.0,760.0,520.0,525.0,440.0,305.0,215.0,15040.0,275.0,225.0,1270.0,1585.0,115.0,330.0,1045.0,25.0,40.0,115.0,3175.0,2265.0,3590.0,2000.0,0.0,58.0,200.0,4.0,,2590.0,5799.0,374.0,695.0,314721.0,55.0,35.0,131.0,34.0,58.0,40.0,45.0,2.0,0.0,2.0,74.0,98.0,49.0,345.0,329.0,103.0,28.13528583,4377.333333,46.0,158.0
22,Pelmo Park-Humberlea,23.0,4.2,8705.0,4200.0,4505.0,475.0,470.0,530.0,620.0,515.0,480.0,495.0,570.0,665.0,750.0,700.0,540.0,420.0,345.0,435.0,325.0,220.0,160.0,8380.0,170.0,115.0,1505.0,605.0,410.0,120.0,25.0,5.0,30.0,25.0,1475.0,1145.0,2465.0,1505.0,0.0,57.0,258.0,2.0,,798.0,2855.0,152.0,735.0,412618.0,0.0,43.0,63.0,5.0,37.0,39.0,29.0,6.0,0.0,1.0,115.0,186.0,42.0,222.0,347.0,110.0,32.44376816,5889.857143,47.0,173.0
23,Black Creek,24.0,3.4,22060.0,10260.0,11795.0,1805.0,1720.0,1585.0,1675.0,1705.0,1630.0,1405.0,1395.0,1570.0,1540.0,1430.0,1095.0,920.0,760.0,665.0,515.0,340.0,280.0,20975.0,745.0,725.0,1050.0,1310.0,120.0,310.0,185.0,105.0,95.0,25.0,5100.0,3390.0,4580.0,2570.0,45890.0,62.0,126.0,3.0,,6408.0,3856.0,306.0,661.0,235143.0,175.0,90.0,242.0,36.0,75.0,65.0,59.0,4.0,1.0,2.0,263.0,99.0,169.0,572.0,786.0,135.0,23.51819455,7326.3,94.0,182.0
24,Glenfield-Jane Heights,25.0,5.2,31395.0,14755.0,16635.0,2110.0,2135.0,2290.0,2445.0,2105.0,2050.0,1865.0,1905.0,2185.0,2285.0,2175.0,1640.0,1490.0,1220.0,1190.0,1110.0,765.0,435.0,30080.0,1445.0,485.0,3475.0,3695.0,355.0,485.0,125.0,90.0,215.0,40.0,6565.0,4545.0,7840.0,4735.0,196977.0,61.0,247.0,20.0,,7263.0,8323.0,587.0,678.0,304262.0,173.0,117.0,299.0,72.0,84.0,120.0,37.0,4.0,1.0,3.0,362.0,98.0,197.0,734.0,911.0,222.0,41.62227043,3632.714286,88.0,340.0
25,Downsview-Roding-CFB,26.0,14.9,34650.0,16700.0,17965.0,2220.0,1905.0,1915.0,2050.0,2185.0,2490.0,2655.0,2380.0,2585.0,2795.0,2560.0,2020.0,1630.0,1285.0,1255.0,1195.0,890.0,615.0,33265.0,730.0,200.0,5040.0,3470.0,835.0,1565.0,130.0,180.0,205.0,80.0,6040.0,4250.0,8910.0,5240.0,399478.0,59.0,538.0,26.0,,5618.0,20150.0,985.0,692.0,400486.0,238.0,126.0,402.0,50.0,187.0,77.0,128.0,8.0,3.0,5.0,441.0,365.0,233.0,981.0,1262.0,300.0,87.98992412,2825.888889,166.0,604.0
26,York University Heights,27.0,13.2,27715.0,13580.0,14125.0,1645.0,1385.0,1380.0,1750.0,3280.0,2815.0,2120.0,1800.0,1820.0,1940.0,1750.0,1335.0,1150.0,870.0,890.0,825.0,545.0,395.0,26340.0,1750.0,1175.0,2280.0,1475.0,285.0,930.0,580.0,430.0,370.0,265.0,4405.0,5040.0,6010.0,3545.0,23870.0,60.0,408.0,13.0,,4720.0,42885.0,2643.0,698.0,359372.0,156.0,56.0,282.0,49.0,150.0,99.0,122.0,16.0,2.0,2.0,798.0,143.0,186.0,776.0,1007.0,548.0,67.60074578,5546.25,235.0,598.0
27,Rustic,28.0,2.1,9950.0,4475.0,5480.0,765.0,730.0,750.0,670.0,635.0,630.0,575.0,600.0,670.0,695.0,605.0,470.0,410.0,395.0,395.0,445.0,300.0,220.0,9625.0,140.0,190.0,1510.0,680.0,440.0,110.0,65.0,20.0,30.0,10.0,2235.0,1300.0,2630.0,1760.0,0.0,60.0,156.0,4.0,,1924.0,550.0,48.0,692.0,493442.0,26.0,25.0,86.0,14.0,43.0,41.0,18.0,5.0,1.0,0.0,181.0,83.0,92.0,233.0,380.0,99.0,20.02981099,7692.0,30.0,36.0
28,Maple Leaf,29.0,2.5,10195.0,4935.0,5260.0,555.0,495.0,565.0,560.0,580.0,640.0,665.0,670.0,800.0,805.0,725.0,550.0,500.0,445.0,490.0,505.0,370.0,265.0,9605.0,100.0,105.0,2295.0,680.0,480.0,400.0,70.0,40.0,20.0,15.0,1640.0,1140.0,3100.0,2055.0,0.0,66.0,163.0,8.0,,919.0,737.0,47.0,721.0,540741.0,90.0,9.0,37.0,10.0,29.0,19.0,13.0,0.0,0.0,0.0,85.0,72.0,29.0,117.0,303.0,76.0,23.05914766,3384.666667,26.0,41.0
29,Brookhaven-Amesbury,30.0,3.5,17785.0,8315.0,9470.0,1315.0,1110.0,1130.0,1230.0,1215.0,1360.0,1255.0,1140.0,1300.0,1420.0,1350.0,1000.0,770.0,545.0,515.0,450.0,370.0,305.0,16950.0,465.0,250.0,1210.0,1580.0,985.0,480.0,115.0,45.0,55.0,30.0,3540.0,2460.0,3950.0,2195.0,16300.0,62.0,201.0,4.0,,3420.0,4825.0,466.0,687.0,352428.0,54.0,33.0,143.0,52.0,58.0,32.0,47.0,6.0,0.0,3.0,178.0,31.0,86.0,371.0,457.0,108.0,29.67583066,4326.375,57.0,188.0
30,Yorkdale-Glen Park,31.0,5.9,14685.0,6750.0,7940.0,640.0,690.0,815.0,835.0,845.0,890.0,895.0,860.0,1050.0,1085.0,1030.0,850.0,765.0,610.0,690.0,755.0,690.0,700.0,13685.0,640.0,120.0,2950.0,625.0,810.0,605.0,60.0,85.0,70.0,50.0,2140.0,1690.0,5070.0,3450.0,59894.0,72.0,335.0,13.0,,1502.0,24685.0,1468.0,729.0,421045.0,82.0,60.0,181.0,11.0,67.0,81.0,137.0,14.0,0.0,1.0,286.0,174.0,128.0,551.0,812.0,246.0,49.71453259,4193.75,155.0,1007.0
31,Englemount-Lawrence,32.0,3.6,22080.0,9675.0,12415.0,1675.0,1530.0,1550.0,1500.0,1320.0,1315.0,1470.0,1450.0,1380.0,1370.0,1365.0,1160.0,955.0,715.0,655.0,665.0,715.0,1305.0,20580.0,285.0,45.0,545.0,630.0,335.0,1900.0,45.0,600.0,155.0,65.0,4765.0,2820.0,6170.0,4050.0,18000.0,70.0,482.0,13.0,,2733.0,3495.0,175.0,730.0,577889.0,105.0,17.0,147.0,19.0,82.0,79.0,27.0,5.0,0.0,2.0,246.0,69.0,140.0,376.0,669.0,198.0,39.79200011,3056.1,90.0,185.0
32,Clanton Park,33.0,4.2,14610.0,6750.0,7865.0,950.0,760.0,870.0,880.0,835.0,890.0,1115.0,1150.0,1155.0,1220.0,1055.0,860.0,770.0,480.0,450.0,400.0,390.0,400.0,13985.0,250.0,25.0,775.0,365.0,120.0,1705.0,15.0,585.0,60.0,115.0,2575.0,1725.0,3730.0,2100.0,0.0,63.0,268.0,11.0,,734.0,5011.0,357.0,740.0,605585.0,130.0,15.0,121.0,12.0,60.0,30.0,42.0,10.0,1.0,1.0,148.0,95.0,97.0,291.0,353.0,148.0,42.6697449,3513.25,57.0,234.0
33,Bathurst Manor,34.0,4.8,15435.0,7380.0,8050.0,850.0,710.0,750.0,885.0,925.0,1000.0,1120.0,1030.0,1170.0,1220.0,1190.0,925.0,840.0,565.0,505.0,540.0,560.0,655.0,14755.0,340.0,30.0,870.0,475.0,210.0,840.0,15.0,1695.0,200.0,240.0,2315.0,1805.0,4570.0,2805.0,2800.0,61.0,300.0,20.0,,1018.0,3370.0,244.0,745.0,568877.0,105.0,9.0,56.0,8.0,58.0,9.0,25.0,5.0,0.0,2.0,167.0,89.0,108.0,170.0,675.0,177.0,41.4372944,5594.4,69.0,146.0
34,Westminster-Branson,35.0,3.7,25445.0,11700.0,13755.0,1245.0,1080.0,1210.0,1500.0,1685.0,1765.0,1715.0,1720.0,1800.0,1855.0,1970.0,1625.0,1580.0,950.0,1075.0,895.0,865.0,925.0,24250.0,480.0,70.0,110.0,630.0,55.0,2165.0,75.0,7435.0,555.0,680.0,3525.0,3165.0,7905.0,4710.0,4000.0,61.0,381.0,2.0,,2906.0,3027.0,83.0,730.0,372380.0,45.0,23.0,128.0,14.0,98.0,27.0,26.0,7.0,0.0,0.0,169.0,18.0,71.0,323.0,659.0,150.0,23.39752438,4357.75,36.0,221.0
35,Newtonbrook West,36.0,4.7,23050.0,10890.0,12165.0,1045.0,820.0,990.0,1255.0,1775.0,1890.0,1660.0,1630.0,1665.0,1965.0,1910.0,1450.0,1320.0,910.0,840.0,765.0,595.0,595.0,21890.0,1660.0,45.0,645.0,385.0,95.0,1815.0,125.0,3260.0,1820.0,2015.0,2850.0,3045.0,6455.0,3700.0,22705.0,69.0,544.0,22.0,,2124.0,9091.0,483.0,737.0,557468.0,98.0,19.0,140.0,17.0,127.0,45.0,36.0,8.0,0.0,0.0,147.0,48.0,108.0,392.0,631.0,260.0,46.89685527,5774.6,95.0,351.0
36,Willowdale West,37.0,2.9,15005.0,7085.0,7920.0,670.0,505.0,495.0,565.0,1140.0,1345.0,1310.0,1080.0,1010.0,980.0,1045.0,1030.0,860.0,675.0,640.0,600.0,545.0,505.0,14535.0,2020.0,40.0,365.0,235.0,75.0,235.0,50.0,975.0,1280.0,1175.0,1665.0,1700.0,4860.0,2970.0,0.0,78.0,633.0,12.0,,515.0,7110.0,363.0,766.0,541247.0,248.0,18.0,85.0,9.0,23.0,19.0,10.0,4.0,0.0,2.0,87.0,13.0,73.0,168.0,345.0,167.0,32.29755967,4808.285714,25.0,111.0
37,Lansing-Westgate,38.0,5.4,14640.0,6950.0,7695.0,845.0,725.0,745.0,795.0,965.0,1185.0,1290.0,1170.0,1175.0,1150.0,1035.0,855.0,750.0,515.0,405.0,360.0,330.0,360.0,14285.0,995.0,15.0,165.0,320.0,90.0,460.0,45.0,770.0,630.0,580.0,2300.0,1755.0,3565.0,1960.0,12000.0,77.0,695.0,10.0,,468.0,12254.0,488.0,758.0,646460.0,75.0,13.0,70.0,19.0,46.0,10.0,24.0,4.0,0.0,0.0,159.0,114.0,97.0,186.0,432.0,173.0,39.31779631,6920.0909090000005,44.0,142.0
38,Bedford Park-Nortown,39.0,5.5,23185.0,10720.0,12470.0,1465.0,1620.0,1630.0,1695.0,1240.0,965.0,1180.0,1485.0,1730.0,1890.0,1805.0,1570.0,1310.0,930.0,750.0,685.0,625.0,625.0,22655.0,430.0,5.0,410.0,335.0,90.0,1010.0,15.0,300.0,245.0,110.0,4705.0,2930.0,6535.0,3650.0,28000.0,73.0,1157.0,29.0,,484.0,8187.0,676.0,776.0,1191040.0,60.0,4.0,71.0,4.0,219.0,16.0,42.0,18.0,1.0,2.0,323.0,162.0,192.0,375.0,895.0,258.0,62.50510549,3124.076923,75.0,167.0
39,St.Andrew-Windfields,40.0,7.3,17955.0,8610.0,9345.0,690.0,880.0,1155.0,1480.0,1290.0,965.0,775.0,940.0,1425.0,1650.0,1475.0,1335.0,1180.0,885.0,660.0,450.0,415.0,270.0,17485.0,2605.0,75.0,170.0,330.0,70.0,265.0,85.0,290.0,865.0,805.0,2745.0,2780.0,5200.0,2690.0,0.0,60.0,1066.0,18.0,,606.0,13023.0,591.0,774.0,1363202.0,124.0,5.0,63.0,10.0,112.0,12.0,26.0,7.0,0.0,0.0,249.0,200.0,108.0,235.0,502.0,302.0,59.74934713,3595.5,151.0,123.0
40,Bridle Path-Sunnybrook-York Mills,41.0,8.8,8715.0,4180.0,4530.0,285.0,480.0,645.0,765.0,595.0,315.0,270.0,335.0,565.0,810.0,765.0,715.0,645.0,470.0,340.0,265.0,235.0,200.0,8505.0,615.0,5.0,110.0,65.0,30.0,110.0,0.0,130.0,260.0,50.0,1425.0,1360.0,2870.0,1515.0,6500.0,58.0,749.0,10.0,,37.0,11756.0,58.0,788.0,1849084.0,0.0,2.0,16.0,10.0,50.0,11.0,11.0,4.0,0.0,0.0,290.0,32.0,92.0,104.0,305.0,128.0,48.36508558,7224.5,66.0,205.0
41,Banbury-Don Mills,42.0,10.0,26910.0,12485.0,14430.0,1180.0,1205.0,1325.0,1440.0,1280.0,1420.0,1500.0,1705.0,2275.0,2305.0,1970.0,1635.0,1610.0,1280.0,1225.0,1140.0,1215.0,1235.0,25780.0,3355.0,145.0,140.0,360.0,110.0,515.0,220.0,305.0,875.0,510.0,3685.0,2705.0,9340.0,6095.0,0.0,67.0,2145.0,12.0,,1030.0,25614.0,834.0,776.0,613647.0,255.0,21.0,97.0,17.0,88.0,10.0,23.0,23.0,0.0,1.0,299.0,149.0,131.0,279.0,908.0,166.0,75.0681627,4750.642857,128.0,319.0
42,Victoria Village,43.0,4.7,17180.0,7960.0,9230.0,1030.0,835.0,870.0,920.0,980.0,1170.0,1210.0,1175.0,1310.0,1360.0,1220.0,1030.0,915.0,720.0,720.0,655.0,535.0,530.0,16140.0,605.0,465.0,200.0,350.0,85.0,540.0,385.0,90.0,510.0,100.0,2735.0,1910.0,5135.0,3195.0,9000.0,71.0,586.0,13.0,,2593.0,7035.0,431.0,730.0,365107.0,134.0,14.0,107.0,6.0,48.0,17.0,18.0,9.0,2.0,0.0,154.0,59.0,62.0,221.0,392.0,122.0,34.27607748,5074.666667,73.0,113.0
43,Flemingdon Park,44.0,2.5,22165.0,10615.0,11555.0,1555.0,1420.0,1480.0,1465.0,1620.0,1675.0,1615.0,1595.0,1630.0,1705.0,1500.0,1160.0,1055.0,820.0,695.0,555.0,370.0,245.0,20915.0,1235.0,1030.0,30.0,550.0,60.0,1100.0,1635.0,325.0,1360.0,235.0,4455.0,3085.0,4945.0,2710.0,235152.0,63.0,266.0,2.0,,4348.0,5088.0,185.0,721.0,204104.0,203.0,35.0,159.0,23.0,54.0,40.0,13.0,30.0,0.0,3.0,225.0,113.0,90.0,354.0,640.0,120.0,11.77007859,5799.375,48.0,95.0
44,Parkwoods-Donalda,45.0,7.5,34620.0,16380.0,18230.0,2040.0,1920.0,2140.0,2350.0,2360.0,2255.0,2325.0,2440.0,2650.0,2935.0,2615.0,2040.0,1680.0,1320.0,1125.0,1015.0,845.0,580.0,33350.0,2255.0,475.0,290.0,1095.0,140.0,965.0,610.0,490.0,1150.0,535.0,6110.0,4720.0,8605.0,4880.0,0.0,63.0,1211.0,10.0,,3664.0,2802.0,209.0,731.0,553698.0,441.0,34.0,177.0,10.0,106.0,51.0,41.0,4.0,0.0,1.0,254.0,233.0,151.0,423.0,895.0,312.0,58.27994577,4192.777778,109.0,173.0
45,Pleasant View,46.0,3.0,16145.0,7775.0,8360.0,740.0,705.0,825.0,950.0,1060.0,1090.0,855.0,1080.0,1385.0,1365.0,1200.0,1030.0,985.0,825.0,785.0,610.0,400.0,235.0,15555.0,5040.0,190.0,675.0,190.0,115.0,250.0,170.0,125.0,505.0,165.0,2275.0,2010.0,4875.0,2875.0,0.0,66.0,423.0,15.0,,791.0,1162.0,124.0,767.0,463859.0,90.0,13.0,44.0,9.0,23.0,25.0,10.0,3.0,0.0,0.0,86.0,68.0,39.0,127.0,296.0,152.0,32.86586301,4517.0,43.0,77.0
46,Don Valley Village,47.0,4.1,26735.0,12670.0,14060.0,1505.0,1365.0,1290.0,1580.0,1795.0,1805.0,1935.0,2200.0,2295.0,2155.0,1790.0,1500.0,1410.0,1130.0,1020.0,850.0,610.0,530.0,25480.0,6655.0,345.0,95.0,620.0,65.0,905.0,320.0,585.0,1885.0,615.0,4165.0,3370.0,7025.0,4125.0,15200.0,79.0,702.0,8.0,,2137.0,5640.0,373.0,756.0,478489.0,229.0,34.0,174.0,18.0,123.0,40.0,50.0,10.0,0.0,1.0,177.0,96.0,102.0,449.0,636.0,185.0,39.98616921,6050.3,57.0,251.0
47,Hillcrest Village,48.0,5.3,17650.0,8240.0,9430.0,555.0,690.0,855.0,1175.0,1305.0,955.0,745.0,950.0,1385.0,1475.0,1260.0,1250.0,1235.0,975.0,920.0,825.0,615.0,495.0,17195.0,7580.0,130.0,50.0,210.0,35.0,125.0,135.0,200.0,670.0,440.0,2090.0,2475.0,6310.0,3830.0,25000.0,68.0,587.0,24.0,,694.0,11806.0,424.0,775.0,484743.0,180.0,9.0,50.0,13.0,63.0,16.0,27.0,6.0,0.0,0.0,139.0,108.0,52.0,184.0,395.0,174.0,41.08455447,3566.222222,80.0,170.0
48,Bayview Woods-Steeles,49.0,4.1,13535.0,6260.0,7275.0,420.0,545.0,675.0,945.0,945.0,760.0,490.0,625.0,910.0,1075.0,1015.0,920.0,1000.0,745.0,745.0,605.0,490.0,615.0,12870.0,3695.0,75.0,175.0,155.0,55.0,80.0,60.0,255.0,795.0,745.0,1650.0,1880.0,5135.0,3230.0,0.0,57.0,541.0,13.0,,666.0,2207.0,93.0,777.0,784397.0,180.0,4.0,25.0,10.0,36.0,5.0,15.0,1.0,0.0,0.0,128.0,29.0,52.0,96.0,388.0,107.0,29.92753678,10812.0,37.0,79.0
49,Newtonbrook East,50.0,4.1,16425.0,7805.0,8620.0,585.0,525.0,635.0,830.0,1360.0,1525.0,1250.0,1040.0,1085.0,1195.0,1240.0,1105.0,1060.0,725.0,650.0,555.0,530.0,565.0,15545.0,3950.0,40.0,405.0,150.0,70.0,230.0,50.0,335.0,2045.0,1770.0,1730.0,2195.0,5160.0,3015.0,30649.0,64.0,591.0,17.0,,685.0,4357.0,400.0,757.0,626626.0,30.0,5.0,114.0,10.0,116.0,11.0,15.0,3.0,1.0,0.0,190.0,122.0,79.0,275.0,822.0,151.0,39.49436862,4012.333333,96.0,145.0
50,Willowdale East,51.0,5.0,45025.0,21365.0,23690.0,2010.0,1475.0,1520.0,2375.0,4095.0,5120.0,4715.0,3705.0,3410.0,3400.0,3190.0,2745.0,2210.0,1490.0,1195.0,890.0,740.0,715.0,43655.0,12225.0,140.0,360.0,755.0,220.0,380.0,260.0,1290.0,4940.0,4480.0,4995.0,6495.0,9995.0,5030.0,20000.0,84.0,1266.0,20.0,,1189.0,16026.0,849.0,759.0,540911.0,209.0,18.0,201.0,23.0,160.0,36.0,37.0,10.0,0.0,0.0,504.0,145.0,191.0,485.0,990.0,524.0,62.46088057,5919.692308,61.0,296.0
51,Bayview Village,52.0,5.2,17675.0,8245.0,9420.0,665.0,620.0,765.0,955.0,1190.0,1675.0,1415.0,1345.0,1335.0,1310.0,1240.0,1135.0,1050.0,765.0,680.0,530.0,490.0,525.0,17075.0,3800.0,75.0,110.0,295.0,105.0,290.0,85.0,265.0,1525.0,1000.0,2040.0,2130.0,5170.0,2995.0,0.0,71.0,742.0,15.0,,626.0,9377.0,460.0,768.0,533089.0,60.0,10.0,42.0,3.0,37.0,16.0,18.0,6.0,0.0,1.0,147.0,81.0,96.0,132.0,481.0,99.0,37.07799855,3854.625,43.0,302.0
52,Henry Farm,53.0,2.6,11340.0,5405.0,5935.0,780.0,745.0,660.0,660.0,835.0,995.0,1010.0,1025.0,920.0,865.0,710.0,580.0,465.0,330.0,275.0,230.0,150.0,110.0,10705.0,1655.0,195.0,35.0,220.0,35.0,520.0,380.0,210.0,805.0,200.0,2180.0,1485.0,2155.0,1105.0,12468.0,76.0,338.0,4.0,,1502.0,18728.0,717.0,736.0,372110.0,105.0,14.0,39.0,5.0,54.0,10.0,10.0,2.0,0.0,0.0,97.0,136.0,49.0,134.0,237.0,108.0,16.06263543,5659.0,27.0,112.0
53,O'Connor-Parkview,54.0,4.9,18315.0,8705.0,9610.0,1080.0,1050.0,1055.0,1165.0,1145.0,1080.0,1160.0,1175.0,1475.0,1595.0,1580.0,1260.0,980.0,710.0,565.0,465.0,400.0,375.0,17775.0,435.0,270.0,255.0,295.0,100.0,565.0,375.0,110.0,280.0,60.0,3190.0,2325.0,4780.0,2535.0,8000.0,67.0,858.0,12.0,,2984.0,4677.0,346.0,725.0,538203.0,75.0,34.0,264.0,21.0,43.0,25.0,15.0,7.0,0.0,0.0,205.0,47.0,125.0,409.0,603.0,128.0,44.29355774,2532.076923,95.0,93.0
54,Thorncliffe Park,55.0,3.1,19225.0,9275.0,9965.0,2050.0,1675.0,1340.0,1120.0,1085.0,1505.0,1600.0,1680.0,1540.0,1190.0,990.0,800.0,705.0,520.0,455.0,380.0,280.0,325.0,18150.0,215.0,245.0,30.0,385.0,45.0,780.0,4855.0,105.0,960.0,75.0,5070.0,2220.0,3485.0,1985.0,38000.0,73.0,471.0,5.0,,3818.0,9847.0,449.0,724.0,313618.0,21.0,30.0,130.0,8.0,25.0,17.0,39.0,4.0,0.0,2.0,227.0,41.0,87.0,253.0,609.0,154.0,13.29149971,6611.5,62.0,256.0
55,Leaside-Bennington,56.0,4.8,17010.0,8170.0,8855.0,980.0,1250.0,1185.0,1150.0,880.0,560.0,670.0,1075.0,1525.0,1535.0,1465.0,1115.0,925.0,725.0,465.0,400.0,385.0,690.0,16460.0,340.0,10.0,150.0,160.0,70.0,100.0,15.0,80.0,95.0,85.0,3420.0,2025.0,4700.0,2665.0,0.0,77.0,1506.0,18.0,,239.0,2901.0,313.0,791.0,1071823.0,274.0,5.0,40.0,6.0,63.0,32.0,24.0,8.0,0.0,0.0,150.0,59.0,132.0,178.0,326.0,280.0,48.30630623,8701.583333,62.0,92.0
56,Broadview North,57.0,1.7,11565.0,5440.0,6120.0,665.0,490.0,430.0,495.0,640.0,920.0,1025.0,1050.0,1050.0,995.0,830.0,730.0,690.0,455.0,375.0,305.0,250.0,180.0,11080.0,415.0,70.0,95.0,250.0,60.0,315.0,50.0,120.0,65.0,50.0,1590.0,1135.0,2970.0,1545.0,79513.0,74.0,317.0,3.0,,1306.0,1286.0,129.0,728.0,518555.0,57.0,20.0,106.0,15.0,24.0,9.0,9.0,3.0,0.0,1.0,102.0,66.0,64.0,186.0,302.0,47.0,15.20816339,3892.0,44.0,51.0
57,Old East York,58.0,2.3,9115.0,4435.0,4690.0,460.0,470.0,435.0,440.0,475.0,500.0,600.0,660.0,745.0,905.0,760.0,670.0,600.0,360.0,330.0,290.0,210.0,215.0,8795.0,345.0,5.0,185.0,90.0,50.0,220.0,60.0,35.0,35.0,35.0,1365.0,910.0,2680.0,1410.0,0.0,69.0,444.0,0.0,,569.0,1017.0,134.0,756.0,581398.0,88.0,22.0,55.0,3.0,31.0,11.0,8.0,4.0,0.0,0.0,73.0,98.0,64.0,134.0,306.0,60.0,23.84081641,0.0,74.0,60.0
58,Danforth-East York,59.0,2.2,16710.0,7985.0,8725.0,1085.0,795.0,720.0,750.0,795.0,955.0,1495.0,1500.0,1440.0,1425.0,1245.0,1140.0,990.0,650.0,550.0,475.0,405.0,290.0,16195.0,1095.0,30.0,490.0,215.0,120.0,260.0,175.0,90.0,75.0,60.0,2610.0,1545.0,4480.0,2355.0,2600.0,77.0,587.0,3.0,,1049.0,3715.0,167.0,763.0,518568.0,214.0,14.0,82.0,4.0,41.0,5.0,8.0,2.0,0.0,0.0,110.0,24.0,93.0,156.0,378.0,106.0,35.28021008,3039.75,53.0,67.0
59,Woodbine-Lumsden,60.0,1.2,7825.0,3745.0,4080.0,420.0,345.0,310.0,360.0,405.0,470.0,640.0,645.0,670.0,735.0,700.0,590.0,470.0,305.0,285.0,205.0,170.0,90.0,7600.0,580.0,0.0,125.0,105.0,55.0,170.0,40.0,35.0,20.0,25.0,1060.0,770.0,2130.0,1065.0,0.0,73.0,240.0,1.0,,582.0,558.0,56.0,748.0,440700.0,95.0,4.0,60.0,6.0,12.0,10.0,7.0,2.0,0.0,1.0,66.0,23.0,53.0,101.0,216.0,70.0,16.07900302,2022.25,39.0,27.0
60,Taylor-Massey,61.0,1.1,15595.0,7665.0,7920.0,1195.0,1000.0,835.0,760.0,1000.0,1245.0,1295.0,1435.0,1350.0,1235.0,1085.0,900.0,635.0,415.0,375.0,315.0,260.0,235.0,14800.0,580.0,260.0,45.0,185.0,60.0,355.0,675.0,110.0,180.0,90.0,3040.0,1765.0,3140.0,1615.0,119039.0,77.0,237.0,0.0,,2635.0,1399.0,157.0,721.0,254151.0,60.0,28.0,187.0,19.0,51.0,28.0,22.0,7.0,1.0,1.0,212.0,18.0,89.0,343.0,523.0,89.0,10.68841484,3575.5,27.0,73.0
61,East End-Danforth,62.0,2.6,20840.0,9985.0,10865.0,1320.0,1145.0,1070.0,1135.0,1095.0,1330.0,1580.0,1875.0,1875.0,1930.0,1695.0,1405.0,1195.0,720.0,495.0,375.0,315.0,295.0,20075.0,940.0,45.0,205.0,270.0,135.0,375.0,350.0,75.0,100.0,90.0,3525.0,2235.0,4815.0,2215.0,32880.0,85.0,629.0,1.0,,1901.0,3636.0,516.0,741.0,535867.0,330.0,46.0,252.0,15.0,102.0,39.0,10.0,4.0,0.0,1.0,277.0,66.0,146.0,468.0,866.0,129.0,31.17002467,0.0,89.0,129.0
62,The Beaches,63.0,3.6,21135.0,10040.0,11100.0,1265.0,1275.0,1145.0,1045.0,1080.0,1120.0,1460.0,1745.0,1990.0,1990.0,1740.0,1615.0,1325.0,900.0,505.0,390.0,270.0,245.0,20820.0,245.0,25.0,175.0,180.0,75.0,85.0,10.0,85.0,40.0,45.0,3695.0,2120.0,5255.0,2320.0,0.0,88.0,1244.0,2.0,,672.0,5694.0,531.0,764.0,751945.0,167.0,12.0,114.0,14.0,119.0,11.0,15.0,7.0,0.0,0.0,165.0,23.0,162.0,292.0,369.0,193.0,43.72176959,3434.25,44.0,131.0
63,Woodbine Corridor,64.0,1.6,11705.0,5640.0,6070.0,890.0,595.0,550.0,525.0,590.0,675.0,995.0,1230.0,1125.0,1150.0,935.0,795.0,590.0,345.0,235.0,210.0,170.0,85.0,11410.0,615.0,25.0,120.0,135.0,75.0,70.0,85.0,35.0,25.0,45.0,2055.0,1120.0,2405.0,1030.0,37500.0,85.0,358.0,2.0,,906.0,1896.0,146.0,749.0,521549.0,214.0,23.0,139.0,11.0,47.0,13.0,4.0,1.0,1.0,2.0,125.0,30.0,95.0,239.0,445.0,75.0,20.75984929,5104.0,35.0,57.0
64,Greenwood-Coxwell,65.0,1.7,14075.0,6885.0,7195.0,975.0,595.0,590.0,655.0,835.0,980.0,1295.0,1420.0,1200.0,1200.0,1125.0,980.0,660.0,460.0,400.0,310.0,240.0,185.0,13660.0,1910.0,55.0,155.0,210.0,70.0,115.0,400.0,20.0,35.0,35.0,2160.0,1480.0,3210.0,1585.0,5700.0,88.0,329.0,2.0,,1762.0,2342.0,315.0,738.0,490920.0,94.0,30.0,183.0,18.0,96.0,42.0,21.0,2.0,0.0,2.0,148.0,40.0,98.0,392.0,461.0,91.0,23.60064249,2621.5,44.0,90.0
65,Danforth,66.0,1.1,9450.0,4605.0,4845.0,635.0,505.0,400.0,445.0,565.0,640.0,780.0,825.0,725.0,740.0,705.0,600.0,510.0,410.0,325.0,270.0,190.0,175.0,9165.0,625.0,10.0,525.0,100.0,70.0,65.0,105.0,25.0,20.0,45.0,1555.0,1010.0,2465.0,1355.0,23810.0,86.0,256.0,2.0,,626.0,2786.0,414.0,755.0,585093.0,152.0,34.0,121.0,12.0,49.0,29.0,13.0,3.0,1.0,1.0,119.0,59.0,72.0,262.0,491.0,92.0,15.45133445,0.0,53.0,48.0
66,Playter Estates-Danforth,67.0,0.9,7655.0,3760.0,3890.0,355.0,420.0,365.0,355.0,375.0,600.0,630.0,590.0,680.0,640.0,600.0,525.0,470.0,320.0,220.0,175.0,140.0,200.0,7345.0,205.0,10.0,95.0,140.0,35.0,60.0,15.0,40.0,40.0,30.0,1135.0,725.0,2045.0,1065.0,75239.0,90.0,298.0,1.0,,288.0,2243.0,301.0,757.0,842668.0,162.0,17.0,62.0,9.0,33.0,18.0,3.0,4.0,0.0,2.0,104.0,47.0,45.0,146.0,363.0,112.0,11.62757371,2725.333333,41.0,56.0
67,North Riverdale,68.0,1.8,12195.0,5965.0,6220.0,670.0,630.0,595.0,610.0,610.0,795.0,905.0,1045.0,1040.0,1235.0,1065.0,820.0,730.0,480.0,370.0,265.0,185.0,160.0,11820.0,1180.0,5.0,130.0,140.0,45.0,60.0,30.0,55.0,10.0,25.0,1885.0,1200.0,2995.0,1455.0,0.0,90.0,390.0,1.0,,503.0,4033.0,327.0,767.0,818592.0,233.0,27.0,227.0,19.0,79.0,40.0,10.0,0.0,0.0,0.0,129.0,46.0,75.0,402.0,624.0,110.0,18.77734793,3522.333333,43.0,95.0
68,Blake-Jones,69.0,0.9,7765.0,3815.0,3945.0,520.0,400.0,440.0,440.0,505.0,575.0,640.0,660.0,650.0,655.0,635.0,435.0,380.0,250.0,205.0,135.0,145.0,80.0,7495.0,830.0,30.0,70.0,85.0,55.0,55.0,90.0,20.0,50.0,20.0,1370.0,950.0,1615.0,790.0,112653.0,89.0,141.0,1.0,,1021.0,1789.0,133.0,739.0,571246.0,30.0,25.0,108.0,12.0,46.0,16.0,13.0,1.0,0.0,2.0,93.0,3.0,43.0,221.0,213.0,40.0,11.66190741,0.0,11.0,49.0
69,South Riverdale,70.0,9.6,25640.0,12885.0,12775.0,1510.0,980.0,945.0,1165.0,1560.0,2085.0,2560.0,2650.0,2365.0,2310.0,1940.0,1505.0,1280.0,790.0,620.0,575.0,445.0,350.0,24595.0,5850.0,25.0,120.0,270.0,250.0,250.0,75.0,70.0,80.0,70.0,3455.0,2710.0,5590.0,2810.0,326371.0,91.0,452.0,18.0,,2695.0,12378.0,1197.0,746.0,537087.0,224.0,89.0,276.0,21.0,182.0,47.0,35.0,9.0,1.0,2.0,367.0,199.0,231.0,660.0,895.0,366.0,56.66203282,7386.2,109.0,318.0
70,Cabbagetown-South St.James Town,71.0,1.4,12050.0,6670.0,5385.0,355.0,240.0,275.0,335.0,755.0,1115.0,1130.0,985.0,1015.0,1250.0,1035.0,870.0,855.0,615.0,445.0,305.0,265.0,200.0,11345.0,530.0,60.0,90.0,305.0,85.0,260.0,35.0,160.0,50.0,105.0,880.0,1085.0,3550.0,1815.0,69600.0,91.0,440.0,0.0,,986.0,2513.0,290.0,744.0,537025.0,0.0,39.0,84.0,10.0,76.0,32.0,12.0,0.0,0.0,1.0,369.0,66.0,100.0,253.0,668.0,74.0,15.27421978,1741.0,26.0,90.0
71,Regent Park,72.0,0.6,10010.0,5370.0,4635.0,620.0,660.0,755.0,770.0,850.0,845.0,830.0,775.0,870.0,865.0,720.0,520.0,370.0,210.0,140.0,110.0,65.0,40.0,8955.0,1130.0,520.0,30.0,190.0,65.0,95.0,125.0,35.0,45.0,35.0,2025.0,1615.0,1460.0,565.0,37377.0,88.0,98.0,3.0,,2491.0,1931.0,143.0,701.0,484444.0,30.0,55.0,116.0,13.0,36.0,18.0,19.0,1.0,1.0,1.0,212.0,51.0,130.0,259.0,413.0,15.0,6.939176645,0.0,20.0,40.0
72,Moss Park,73.0,1.4,16310.0,9460.0,6850.0,590.0,370.0,330.0,480.0,1270.0,1990.0,1975.0,1645.0,1475.0,1465.0,1340.0,1135.0,860.0,570.0,355.0,215.0,130.0,115.0,14645.0,750.0,90.0,90.0,320.0,105.0,180.0,90.0,185.0,130.0,90.0,1275.0,1750.0,3395.0,1395.0,526251.92,95.0,317.0,6.0,,3510.0,12051.0,841.0,709.0,457524.0,110.0,302.0,371.0,36.0,116.0,64.0,27.0,5.0,0.0,6.0,805.0,111.0,215.0,921.0,1824.0,59.0,23.899787300000003,7509.333333,71.0,211.0
73,North St.James Town,74.0,0.4,17825.0,9260.0,8575.0,920.0,745.0,645.0,680.0,1720.0,2295.0,1990.0,1530.0,1500.0,1495.0,1240.0,895.0,770.0,445.0,330.0,270.0,175.0,190.0,16865.0,1035.0,915.0,50.0,550.0,135.0,1560.0,340.0,305.0,265.0,325.0,2315.0,2400.0,3060.0,1385.0,85839.0,93.0,182.0,0.0,,2681.0,6705.0,243.0,705.0,489366.0,55.0,38.0,123.0,9.0,97.0,28.0,15.0,16.0,0.0,0.0,366.0,36.0,152.0,326.0,692.0,46.0,4.7202773119999994,2377.666667,19.0,49.0
74,Church-Yonge Corridor,75.0,1.4,28345.0,15685.0,12660.0,590.0,270.0,245.0,835.0,3650.0,5000.0,3795.0,2525.0,2175.0,2105.0,1830.0,1495.0,1230.0,905.0,650.0,465.0,345.0,205.0,27115.0,2145.0,85.0,220.0,815.0,235.0,370.0,160.0,540.0,345.0,495.0,1120.0,4475.0,5325.0,2580.0,1115668.0,98.0,945.0,10.0,,3090.0,54044.0,2443.0,736.0,410703.0,45.0,99.0,535.0,60.0,143.0,124.0,31.0,13.0,1.0,2.0,1110.0,181.0,257.0,1006.0,2631.0,253.0,22.58273038,4183.7272729999995,64.0,357.0
75,Bay Street Corridor,76.0,1.8,19345.0,9315.0,10030.0,795.0,345.0,235.0,665.0,3075.0,3695.0,2760.0,1535.0,1055.0,995.0,850.0,785.0,750.0,530.0,460.0,320.0,285.0,210.0,18720.0,3220.0,70.0,155.0,390.0,165.0,175.0,220.0,265.0,495.0,815.0,1370.0,3745.0,3375.0,1840.0,2893324.0,99.0,1576.0,8.0,,678.0,185891.0,4324.0,755.0,457787.0,30.0,108.0,554.0,47.0,129.0,124.0,26.0,29.0,0.0,2.0,1203.0,189.0,179.0,1017.0,2027.0,290.0,26.29975736,4701.1,126.0,580.0
76,Waterfront Communities-The Island,77.0,7.6,43365.0,21735.0,21630.0,1290.0,560.0,560.0,815.0,3870.0,9410.0,7865.0,4775.0,2940.0,2375.0,2185.0,1845.0,1610.0,1185.0,810.0,595.0,380.0,275.0,41720.0,3730.0,120.0,365.0,1010.0,350.0,475.0,290.0,645.0,640.0,615.0,2405.0,4695.0,6670.0,3215.0,2395897.0,92.0,1222.0,14.0,,2864.0,88058.0,2899.0,748.0,416759.0,130.0,148.0,892.0,41.0,139.0,94.0,61.0,17.0,1.0,6.0,1107.0,382.0,272.0,1393.0,2115.0,487.0,63.67921613,5771.68,90.0,610.0
77,Kensington-Chinatown,78.0,1.5,18500.0,9125.0,9365.0,570.0,435.0,515.0,960.0,2680.0,2610.0,1770.0,1250.0,1145.0,1230.0,1135.0,865.0,755.0,525.0,560.0,605.0,450.0,445.0,17685.0,6070.0,15.0,65.0,325.0,340.0,190.0,60.0,95.0,125.0,180.0,1530.0,3645.0,4175.0,2570.0,1054403.08,97.0,210.0,1.0,,2523.0,37205.0,1883.0,728.0,477989.0,247.0,197.0,369.0,25.0,166.0,68.0,29.0,14.0,1.0,3.0,494.0,134.0,146.0,869.0,1568.0,289.0,21.228136399999997,4152.777778,49.0,236.0
78,University,79.0,1.4,7790.0,3810.0,3985.0,185.0,165.0,125.0,320.0,1370.0,1200.0,745.0,510.0,425.0,445.0,375.0,365.0,365.0,275.0,230.0,240.0,180.0,300.0,7175.0,925.0,20.0,95.0,160.0,330.0,40.0,20.0,60.0,45.0,175.0,490.0,1670.0,1920.0,1185.0,208030.0,97.0,198.0,3.0,,259.0,10967.0,483.0,748.0,773920.0,15.0,54.0,131.0,21.0,53.0,30.0,6.0,1.0,0.0,1.0,296.0,78.0,72.0,296.0,544.0,86.0,15.59120246,0.0,45.0,152.0
79,Palmerston-Little Italy,80.0,1.4,13735.0,6830.0,6920.0,475.0,390.0,360.0,390.0,1370.0,2275.0,1640.0,1135.0,1045.0,815.0,735.0,660.0,595.0,525.0,460.0,385.0,300.0,210.0,13380.0,895.0,0.0,815.0,375.0,1195.0,55.0,35.0,55.0,40.0,125.0,1200.0,1755.0,3140.0,1890.0,166598.0,95.0,218.0,3.0,,665.0,3262.0,521.0,742.0,781568.0,159.0,25.0,123.0,18.0,57.0,18.0,16.0,4.0,0.0,1.0,149.0,67.0,99.0,261.0,395.0,95.0,18.86810933,2291.666667,40.0,148.0
80,Trinity-Bellwoods,81.0,1.7,16805.0,8310.0,8485.0,705.0,525.0,495.0,545.0,1370.0,2240.0,1835.0,1440.0,1310.0,1305.0,985.0,850.0,770.0,580.0,590.0,565.0,390.0,275.0,16080.0,3115.0,5.0,540.0,190.0,2885.0,60.0,15.0,30.0,30.0,30.0,1730.0,1910.0,4030.0,2400.0,104565.0,94.0,195.0,4.0,,1415.0,5380.0,715.0,742.0,723909.0,332.0,62.0,165.0,19.0,67.0,23.0,22.0,2.0,1.0,1.0,234.0,83.0,135.0,361.0,757.0,156.0,26.77774476,4139.6,41.0,208.0
81,Niagara,82.0,3.1,21000.0,10320.0,10685.0,725.0,350.0,285.0,365.0,1400.0,4120.0,4505.0,2800.0,1725.0,1275.0,980.0,805.0,620.0,420.0,255.0,205.0,105.0,50.0,20125.0,1035.0,25.0,215.0,565.0,725.0,230.0,60.0,195.0,160.0,165.0,1380.0,1765.0,2455.0,1025.0,486176.0,84.0,336.0,1.0,,1246.0,15621.0,591.0,747.0,398281.0,65.0,64.0,241.0,25.0,46.0,16.0,17.0,8.0,0.0,0.0,401.0,103.0,124.0,417.0,598.0,312.0,19.53632815,5347.625,64.0,313.0
82,Dufferin Grove,83.0,1.4,11450.0,5685.0,5760.0,510.0,415.0,370.0,410.0,845.0,1475.0,1335.0,1025.0,920.0,775.0,785.0,615.0,560.0,425.0,350.0,290.0,180.0,155.0,11115.0,690.0,65.0,215.0,550.0,1955.0,110.0,80.0,70.0,15.0,180.0,1310.0,1260.0,2550.0,1380.0,24065.0,90.0,132.0,1.0,,1303.0,4072.0,375.0,721.0,502736.0,80.0,41.0,146.0,19.0,75.0,42.0,15.0,10.0,0.0,0.0,119.0,43.0,81.0,348.0,323.0,94.0,16.21458922,3287.2,42.0,141.0
83,Little Portugal,84.0,1.2,12055.0,5910.0,6150.0,450.0,405.0,375.0,425.0,805.0,1485.0,1370.0,1105.0,935.0,840.0,750.0,615.0,610.0,475.0,470.0,405.0,290.0,240.0,11680.0,945.0,10.0,170.0,260.0,3085.0,65.0,5.0,45.0,30.0,35.0,1230.0,1245.0,3140.0,1910.0,52210.0,88.0,144.0,3.0,,983.0,2597.0,344.0,727.0,514960.0,55.0,37.0,137.0,12.0,77.0,16.0,10.0,7.0,0.0,0.0,129.0,27.0,70.0,296.0,444.0,122.0,17.38358577,6815.5,22.0,102.0
84,South Parkdale,85.0,2.3,21245.0,10810.0,10435.0,980.0,785.0,800.0,910.0,1500.0,2395.0,2400.0,2075.0,1760.0,1545.0,1580.0,1215.0,1075.0,715.0,535.0,400.0,290.0,285.0,19440.0,505.0,380.0,85.0,535.0,300.0,820.0,60.0,165.0,105.0,80.0,2565.0,2415.0,4495.0,2195.0,196602.0,83.0,204.0,5.0,,4473.0,7617.0,564.0,695.0,500054.0,70.0,140.0,333.0,16.0,64.0,42.0,29.0,9.0,1.0,2.0,491.0,158.0,168.0,634.0,1056.0,110.0,24.80493413,6156.444444,40.0,152.0
85,Roncesvalles,86.0,1.5,15050.0,7430.0,7620.0,970.0,815.0,700.0,555.0,780.0,1290.0,1540.0,1515.0,1460.0,1250.0,1055.0,825.0,670.0,465.0,395.0,325.0,235.0,200.0,14620.0,555.0,160.0,115.0,200.0,505.0,145.0,35.0,90.0,20.0,65.0,2460.0,1340.0,3105.0,1610.0,40000.0,91.0,238.0,0.0,,2268.0,2885.0,540.0,741.0,581425.0,150.0,74.0,192.0,13.0,75.0,18.0,10.0,4.0,0.0,1.0,264.0,77.0,134.0,386.0,782.0,139.0,19.20689115,4172.0,41.0,90.0
86,High Park-Swansea,87.0,5.3,21750.0,10030.0,11720.0,1235.0,1100.0,935.0,870.0,1030.0,1655.0,1895.0,1880.0,1865.0,1705.0,1575.0,1370.0,1235.0,885.0,655.0,560.0,565.0,730.0,20850.0,320.0,5.0,210.0,355.0,210.0,120.0,30.0,385.0,90.0,130.0,3255.0,1910.0,6000.0,3380.0,53400.0,79.0,1091.0,5.0,,1680.0,6594.0,448.0,770.0,622206.0,229.0,19.0,103.0,6.0,59.0,17.0,26.0,2.0,0.0,0.0,251.0,59.0,113.0,232.0,522.0,291.0,47.64471023,4831.9,77.0,125.0
87,High Park North,88.0,1.9,21300.0,10100.0,11190.0,1100.0,805.0,750.0,785.0,1330.0,2380.0,2250.0,1975.0,1755.0,1595.0,1475.0,1365.0,1155.0,735.0,505.0,450.0,385.0,470.0,20700.0,590.0,75.0,195.0,605.0,325.0,170.0,45.0,930.0,165.0,420.0,2645.0,2120.0,5085.0,2565.0,41800.0,84.0,789.0,1.0,,1054.0,2577.0,254.0,759.0,609689.0,241.0,29.0,125.0,8.0,106.0,26.0,14.0,1.0,0.0,3.0,225.0,53.0,101.0,309.0,744.0,145.0,23.63400611,2299.333333,61.0,87.0
88,Runnymede-Bloor West Village,89.0,1.6,9635.0,4565.0,5065.0,735.0,600.0,490.0,495.0,470.0,470.0,730.0,910.0,875.0,845.0,755.0,630.0,535.0,310.0,215.0,190.0,190.0,165.0,9420.0,190.0,5.0,165.0,140.0,115.0,70.0,10.0,50.0,15.0,40.0,1825.0,970.0,2250.0,1085.0,8670.0,81.0,427.0,0.0,,251.0,2421.0,334.0,777.0,666204.0,220.0,8.0,69.0,3.0,42.0,17.0,21.0,5.0,0.0,1.0,83.0,20.0,75.0,165.0,311.0,102.0,19.86655409,2667.5,55.0,56.0
89,Junction Area,90.0,2.6,14015.0,6820.0,7210.0,775.0,625.0,615.0,785.0,900.0,1275.0,1390.0,1285.0,1200.0,1195.0,1100.0,890.0,670.0,430.0,305.0,230.0,195.0,160.0,13355.0,565.0,25.0,175.0,500.0,780.0,290.0,35.0,105.0,25.0,65.0,2025.0,1680.0,2880.0,1320.0,12000.0,83.0,282.0,1.0,,1155.0,6528.0,631.0,733.0,532997.0,30.0,40.0,143.0,14.0,57.0,15.0,32.0,3.0,0.0,2.0,199.0,83.0,111.0,304.0,501.0,146.0,26.82264851,5993.6,93.0,164.0
90,Weston-Pellam Park,91.0,1.5,12015.0,6015.0,5990.0,660.0,655.0,715.0,825.0,815.0,965.0,955.0,915.0,925.0,1020.0,935.0,765.0,610.0,380.0,275.0,260.0,200.0,135.0,11475.0,310.0,30.0,665.0,860.0,2770.0,130.0,20.0,25.0,10.0,15.0,2035.0,1645.0,2630.0,1250.0,84270.0,75.0,83.0,4.0,,1754.0,1214.0,178.0,698.0,382119.0,84.0,58.0,125.0,26.0,44.0,17.0,23.0,7.0,0.0,0.0,128.0,22.0,64.0,300.0,353.0,104.0,16.90758145,2896.8,32.0,62.0
91,Corso Italia-Davenport,92.0,1.9,13735.0,6710.0,7035.0,705.0,620.0,625.0,840.0,950.0,1155.0,1185.0,1015.0,1015.0,1135.0,1060.0,865.0,640.0,480.0,470.0,405.0,345.0,210.0,13180.0,295.0,10.0,1855.0,1040.0,3035.0,190.0,20.0,20.0,15.0,25.0,1965.0,1800.0,3425.0,1925.0,0.0,79.0,136.0,3.0,,1294.0,2111.0,420.0,708.0,502819.0,105.0,21.0,127.0,15.0,50.0,31.0,18.0,2.0,0.0,1.0,102.0,66.0,81.0,264.0,458.0,124.0,22.390470899999997,3832.833333,73.0,78.0
92,Dovercourt-Wallace Emerson-Juncti,93.0,3.7,34635.0,17225.0,17415.0,1670.0,1345.0,1430.0,1720.0,2635.0,3770.0,3495.0,3080.0,2650.0,2675.0,2425.0,1920.0,1595.0,1235.0,1070.0,870.0,610.0,445.0,33270.0,2255.0,285.0,1260.0,1395.0,6535.0,345.0,145.0,160.0,70.0,230.0,4455.0,4355.0,7750.0,4250.0,97970.0,88.0,409.0,8.0,,3563.0,5077.0,890.0,719.0,512789.0,179.0,127.0,275.0,55.0,162.0,53.0,62.0,8.0,1.0,0.0,403.0,99.0,228.0,743.0,1145.0,286.0,47.68163149,3898.416667,137.0,204.0
93,Wychwood,94.0,1.7,13985.0,6460.0,7525.0,730.0,610.0,540.0,650.0,870.0,1010.0,1085.0,995.0,1100.0,1000.0,875.0,860.0,755.0,580.0,510.0,535.0,500.0,770.0,12855.0,630.0,15.0,555.0,540.0,795.0,205.0,0.0,85.0,50.0,105.0,1885.0,1515.0,4525.0,2915.0,24000.0,86.0,466.0,3.0,,911.0,5143.0,379.0,745.0,656868.0,84.0,15.0,91.0,13.0,58.0,23.0,15.0,5.0,0.0,1.0,140.0,56.0,96.0,220.0,507.0,75.0,22.11651935,3112.5,62.0,74.0
94,Annex,95.0,2.8,29180.0,13745.0,15415.0,865.0,695.0,635.0,870.0,3045.0,4190.0,2995.0,2085.0,1900.0,1860.0,1715.0,1680.0,1805.0,1385.0,1100.0,840.0,685.0,795.0,27380.0,1370.0,30.0,520.0,555.0,355.0,135.0,90.0,315.0,270.0,375.0,2195.0,3895.0,8305.0,4805.0,553355.0,94.0,1401.0,11.0,,1150.0,25719.0,2328.0,755.0,993491.0,201.0,33.0,272.0,46.0,155.0,38.0,39.0,20.0,1.0,2.0,777.0,161.0,257.0,604.0,1526.0,331.0,39.47685229,5810.5,120.0,290.0
95,Casa Loma,96.0,1.9,10485.0,4885.0,5600.0,375.0,375.0,405.0,405.0,655.0,1070.0,820.0,665.0,700.0,745.0,680.0,765.0,830.0,615.0,455.0,330.0,305.0,275.0,10255.0,255.0,5.0,125.0,220.0,70.0,145.0,10.0,140.0,50.0,35.0,1160.0,1065.0,3595.0,1995.0,28600.0,80.0,714.0,3.0,,189.0,3283.0,258.0,771.0,1083381.0,142.0,3.0,33.0,2.0,41.0,4.0,4.0,4.0,0.0,1.0,236.0,55.0,81.0,91.0,444.0,116.0,22.99642277,3815.5,45.0,74.0
96,Yonge-St.Clair,97.0,1.2,11655.0,5235.0,6420.0,395.0,345.0,235.0,285.0,645.0,1355.0,1125.0,900.0,860.0,755.0,715.0,760.0,820.0,755.0,525.0,445.0,365.0,395.0,11445.0,250.0,10.0,120.0,230.0,55.0,95.0,10.0,180.0,120.0,55.0,985.0,925.0,4075.0,2505.0,6500.0,84.0,1126.0,0.0,,283.0,7858.0,468.0,771.0,995616.0,20.0,0.0,27.0,5.0,62.0,3.0,8.0,6.0,0.0,0.0,175.0,28.0,67.0,111.0,312.0,99.0,12.83543094,7116.0,28.0,58.0
97,Rosedale-Moore Park,98.0,4.6,20635.0,9410.0,11220.0,690.0,875.0,925.0,1065.0,1195.0,1405.0,1150.0,1125.0,1420.0,1560.0,1605.0,1565.0,1555.0,1370.0,980.0,825.0,710.0,640.0,20250.0,515.0,5.0,160.0,310.0,80.0,185.0,40.0,185.0,180.0,150.0,2495.0,2250.0,7640.0,4525.0,38672.0,84.0,2101.0,8.0,,499.0,19160.0,683.0,777.0,1265389.0,162.0,9.0,85.0,12.0,82.0,20.0,20.0,9.0,0.0,0.0,578.0,130.0,222.0,237.0,972.0,305.0,48.24002744,3646.6206899999997,91.0,148.0
98,Mount Pleasant East,99.0,3.1,15980.0,7415.0,8565.0,1110.0,910.0,775.0,690.0,785.0,1040.0,1250.0,1405.0,1430.0,1355.0,1135.0,1040.0,955.0,700.0,490.0,375.0,265.0,275.0,15690.0,380.0,20.0,125.0,215.0,75.0,135.0,20.0,180.0,150.0,105.0,2790.0,1445.0,4110.0,2105.0,3500.0,88.0,1297.0,1.0,,288.0,4741.0,463.0,777.0,815247.0,82.0,9.0,51.0,5.0,52.0,6.0,7.0,5.0,0.0,1.0,150.0,52.0,99.0,135.0,405.0,218.0,28.31337044,5380.714286,58.0,83.0
99,Yonge-Eglinton,100.0,1.6,10580.0,5045.0,5530.0,620.0,530.0,400.0,445.0,675.0,1080.0,1055.0,885.0,850.0,740.0,625.0,735.0,655.0,470.0,255.0,240.0,160.0,165.0,10380.0,280.0,10.0,100.0,235.0,45.0,115.0,10.0,85.0,60.0,145.0,1545.0,1110.0,2670.0,1285.0,78748.0,89.0,829.0,2.0,,189.0,11746.0,690.0,759.0,975449.0,45.0,43.0,69.0,9.0,60.0,33.0,14.0,1.0,0.0,0.0,147.0,34.0,115.0,229.0,307.0,143.0,22.07398574,5391.0,67.0,134.0
100,Forest Hill South,101.0,2.5,10925.0,4980.0,5950.0,365.0,425.0,530.0,760.0,820.0,810.0,665.0,585.0,645.0,780.0,820.0,820.0,755.0,580.0,445.0,365.0,355.0,405.0,10520.0,180.0,0.0,95.0,155.0,40.0,245.0,0.0,120.0,65.0,30.0,1320.0,1590.0,3730.0,2155.0,0.0,76.0,730.0,5.0,,134.0,1945.0,175.0,775.0,1585984.0,30.0,0.0,19.0,1.0,58.0,4.0,3.0,7.0,0.0,0.0,199.0,22.0,83.0,92.0,252.0,164.0,30.25289175,5855.0,28.0,42.0
101,Forest Hill North,102.0,1.6,12475.0,5585.0,6895.0,695.0,690.0,625.0,745.0,780.0,855.0,915.0,975.0,1020.0,960.0,950.0,805.0,765.0,470.0,350.0,285.0,245.0,340.0,12155.0,225.0,5.0,145.0,475.0,85.0,750.0,20.0,485.0,65.0,85.0,2015.0,1530.0,3270.0,1700.0,0.0,77.0,392.0,3.0,,633.0,897.0,144.0,749.0,957688.0,110.0,4.0,48.0,14.0,57.0,22.0,6.0,4.0,0.0,0.0,165.0,61.0,105.0,155.0,488.0,153.0,20.41502948,5872.555556,53.0,61.0
102,Lawrence Park South,103.0,3.2,15075.0,7170.0,7895.0,780.0,1045.0,1070.0,1170.0,1020.0,790.0,715.0,915.0,1145.0,1280.0,1255.0,1130.0,925.0,660.0,385.0,285.0,280.0,185.0,14855.0,270.0,5.0,155.0,170.0,35.0,205.0,5.0,110.0,90.0,95.0,2895.0,2210.0,3825.0,1780.0,0.0,72.0,1307.0,3.0,,240.0,1634.0,167.0,784.0,1215390.0,140.0,8.0,30.0,5.0,109.0,9.0,26.0,4.0,0.0,0.0,228.0,32.0,149.0,191.0,214.0,183.0,39.90787305,4398.111111,39.0,69.0
103,Mount Pleasant West,104.0,1.3,28590.0,12895.0,15700.0,855.0,550.0,585.0,730.0,1965.0,4755.0,4125.0,2765.0,2125.0,1940.0,1640.0,1410.0,1305.0,1015.0,840.0,615.0,545.0,815.0,27655.0,1080.0,85.0,225.0,900.0,260.0,495.0,70.0,740.0,990.0,610.0,2000.0,2715.0,6540.0,3825.0,0.0,95.0,1392.0,4.0,,1343.0,13311.0,1129.0,753.0,520032.0,255.0,24.0,164.0,19.0,93.0,35.0,18.0,2.0,0.0,0.0,376.0,54.0,142.0,355.0,957.0,228.0,16.12560861,5827.571429,45.0,111.0
104,Lawrence Park North,105.0,2.3,14540.0,6915.0,7625.0,1205.0,1170.0,965.0,840.0,660.0,525.0,820.0,1265.0,1425.0,1245.0,1095.0,855.0,795.0,530.0,355.0,285.0,260.0,270.0,14205.0,355.0,10.0,180.0,140.0,60.0,145.0,15.0,135.0,90.0,165.0,3320.0,1505.0,3330.0,1690.0,0.0,78.0,1231.0,3.0,,166.0,3624.0,381.0,790.0,980831.0,212.0,2.0,33.0,4.0,56.0,13.0,27.0,6.0,0.0,1.0,104.0,28.0,138.0,141.0,290.0,218.0,29.60219911,4704.142857,55.0,46.0
105,Humewood-Cedarvale,106.0,1.9,14110.0,6440.0,7670.0,785.0,670.0,600.0,635.0,1095.0,1435.0,1315.0,1195.0,1105.0,1055.0,970.0,875.0,765.0,525.0,380.0,260.0,235.0,205.0,13680.0,220.0,15.0,350.0,605.0,255.0,780.0,20.0,140.0,50.0,120.0,2055.0,1730.0,3230.0,1590.0,0.0,80.0,302.0,2.0,,698.0,1345.0,139.0,747.0,800442.0,108.0,18.0,72.0,5.0,26.0,4.0,10.0,4.0,0.0,0.0,119.0,6.0,94.0,139.0,273.0,88.0,23.21263491,3941.0,29.0,51.0
106,Oakwood Village,107.0,2.2,21075.0,10005.0,11070.0,1125.0,985.0,1030.0,1080.0,1275.0,1500.0,1630.0,1680.0,1700.0,1620.0,1525.0,1315.0,1155.0,945.0,820.0,705.0,510.0,450.0,20205.0,570.0,25.0,1810.0,1405.0,1970.0,1070.0,35.0,165.0,40.0,110.0,3130.0,2355.0,5925.0,3440.0,50000.0,82.0,352.0,0.0,,2412.0,1573.0,255.0,713.0,482040.0,168.0,37.0,165.0,14.0,56.0,18.0,16.0,1.0,0.0,1.0,141.0,40.0,117.0,307.0,622.0,178.0,32.5587855,4503.666667,40.0,84.0
107,Briar Hill-Belgravia,108.0,1.8,14295.0,6590.0,7720.0,695.0,605.0,715.0,770.0,890.0,1075.0,1180.0,1115.0,1175.0,1290.0,1190.0,925.0,790.0,470.0,465.0,370.0,320.0,245.0,13680.0,345.0,80.0,1020.0,800.0,1100.0,1190.0,25.0,600.0,40.0,65.0,2010.0,1665.0,3580.0,1870.0,31400.0,81.0,218.0,2.0,,1432.0,3446.0,477.0,719.0,373937.0,25.0,33.0,115.0,17.0,36.0,25.0,29.0,3.0,1.0,1.0,133.0,46.0,106.0,259.0,539.0,137.0,22.483945499999997,11837.28571,45.0,93.0
108,Caledonia-Fairbank,109.0,1.5,9855.0,4825.0,5025.0,555.0,480.0,550.0,645.0,655.0,765.0,785.0,680.0,725.0,840.0,790.0,630.0,510.0,370.0,320.0,225.0,185.0,140.0,9430.0,110.0,20.0,780.0,765.0,2745.0,395.0,20.0,20.0,10.0,15.0,1600.0,1305.0,2385.0,1240.0,9000.0,69.0,89.0,1.0,,1153.0,944.0,92.0,700.0,400532.0,75.0,16.0,94.0,17.0,28.0,6.0,8.0,1.0,0.0,0.0,45.0,15.0,28.0,170.0,250.0,82.0,18.70522556,5796.0,37.0,52.0
109,Keelesdale-Eglinton West,110.0,1.7,10640.0,5225.0,5410.0,555.0,520.0,610.0,690.0,695.0,725.0,760.0,720.0,805.0,905.0,850.0,645.0,590.0,450.0,365.0,340.0,250.0,150.0,10195.0,225.0,65.0,775.0,740.0,2755.0,310.0,60.0,25.0,10.0,5.0,1700.0,1385.0,2810.0,1570.0,0.0,69.0,132.0,3.0,,1653.0,1644.0,266.0,707.0,373029.0,25.0,24.0,125.0,15.0,58.0,39.0,21.0,1.0,0.0,0.0,89.0,32.0,58.0,283.0,340.0,141.0,22.30262457,2186.666667,24.0,119.0
110,Rockcliffe-Smythe,111.0,5.1,22270.0,10750.0,11520.0,1290.0,1230.0,1305.0,1455.0,1470.0,1515.0,1500.0,1435.0,1555.0,1785.0,1680.0,1420.0,1220.0,975.0,805.0,700.0,530.0,385.0,21500.0,475.0,50.0,700.0,2035.0,2540.0,365.0,80.0,120.0,55.0,65.0,3820.0,2925.0,6070.0,3425.0,0.0,61.0,539.0,8.0,,3422.0,3345.0,314.0,710.0,353967.0,110.0,50.0,182.0,29.0,68.0,31.0,39.0,5.0,0.0,2.0,195.0,62.0,112.0,404.0,795.0,193.0,43.05565102,5589.25,104.0,115.0
111,Beechborough-Greenbrook,112.0,1.8,6490.0,2990.0,3500.0,455.0,390.0,395.0,415.0,455.0,535.0,495.0,425.0,480.0,535.0,470.0,365.0,305.0,225.0,185.0,155.0,115.0,95.0,6245.0,45.0,90.0,410.0,285.0,795.0,170.0,15.0,10.0,5.0,15.0,1235.0,865.0,1435.0,765.0,5000.0,62.0,108.0,3.0,,1478.0,4140.0,128.0,677.0,440179.0,22.0,38.0,116.0,12.0,26.0,19.0,6.0,4.0,1.0,2.0,147.0,46.0,47.0,222.0,347.0,103.0,16.39852965,5102.0,35.0,63.0
112,Weston,113.0,2.6,18170.0,8545.0,9625.0,1270.0,985.0,940.0,1100.0,1270.0,1420.0,1405.0,1255.0,1330.0,1440.0,1375.0,1220.0,925.0,640.0,520.0,400.0,350.0,325.0,17445.0,230.0,320.0,650.0,1400.0,655.0,270.0,60.0,55.0,170.0,40.0,3205.0,2370.0,4370.0,2235.0,46910.0,73.0,377.0,10.0,,4149.0,4578.0,536.0,679.0,280187.0,157.0,89.0,278.0,35.0,45.0,66.0,32.0,8.0,1.0,0.0,336.0,47.0,138.0,554.0,683.0,196.0,29.13558051,4369.25,75.0,178.0
113,Lambton Baby Point,114.0,1.7,7920.0,3695.0,4220.0,585.0,535.0,505.0,475.0,405.0,435.0,505.0,590.0,690.0,660.0,630.0,565.0,435.0,265.0,205.0,155.0,125.0,160.0,7750.0,85.0,0.0,95.0,205.0,125.0,40.0,0.0,105.0,30.0,45.0,1630.0,880.0,1900.0,900.0,0.0,70.0,360.0,1.0,,1049.0,438.0,66.0,749.0,806452.0,19.0,8.0,28.0,2.0,20.0,12.0,8.0,1.0,2.0,1.0,59.0,9.0,49.0,81.0,207.0,52.0,19.21811928,2337.857143,28.0,20.0
114,Mount Dennis,115.0,2.1,13150.0,6210.0,6935.0,805.0,805.0,835.0,930.0,950.0,1020.0,915.0,855.0,930.0,1150.0,1045.0,800.0,615.0,460.0,365.0,225.0,200.0,235.0,12425.0,295.0,65.0,210.0,1290.0,800.0,390.0,60.0,60.0,70.0,175.0,2455.0,1865.0,2940.0,1515.0,0.0,59.0,157.0,1.0,,2937.0,2198.0,184.0,680.0,273418.0,109.0,48.0,135.0,16.0,53.0,33.0,14.0,2.0,1.0,0.0,220.0,53.0,61.0,302.0,445.0,64.0,17.69051031,13491.5,59.0,59.0
115,Steeles,116.0,4.6,25010.0,12010.0,13010.0,950.0,940.0,1120.0,1565.0,1925.0,1905.0,1280.0,1350.0,1905.0,2070.0,1895.0,1820.0,1745.0,1195.0,1050.0,895.0,715.0,690.0,23975.0,15735.0,270.0,260.0,85.0,30.0,350.0,105.0,25.0,80.0,90.0,3020.0,3500.0,8105.0,4545.0,35000.0,61.0,574.0,2.0,,1549.0,5835.0,237.0,778.0,440688.0,105.0,5.0,51.0,7.0,82.0,26.0,30.0,4.0,0.0,2.0,95.0,48.0,45.0,205.0,330.0,234.0,46.33675666,3711.3125,80.0,99.0
116,L'Amoreaux,117.0,7.1,44915.0,21085.0,23840.0,2230.0,2100.0,2375.0,3070.0,3125.0,3075.0,2380.0,2790.0,3320.0,3870.0,3310.0,2950.0,2610.0,1955.0,1865.0,1640.0,1270.0,1015.0,43075.0,15065.0,3655.0,715.0,320.0,100.0,1125.0,510.0,100.0,675.0,180.0,6695.0,6210.0,13275.0,7725.0,8000.0,65.0,1405.0,6.0,,3848.0,4734.0,443.0,758.0,355438.0,126.0,35.0,116.0,8.0,112.0,67.0,21.0,7.0,1.0,1.0,307.0,116.0,118.0,367.0,944.0,215.0,66.57614957,2482.52381,138.0,249.0
117,Tam O'Shanter-Sullivan,118.0,5.5,27390.0,12840.0,14555.0,1460.0,1380.0,1370.0,1560.0,1765.0,1665.0,1605.0,1850.0,1965.0,2230.0,1925.0,1655.0,1435.0,1235.0,1220.0,1190.0,945.0,970.0,26195.0,8220.0,1150.0,340.0,315.0,70.0,820.0,780.0,65.0,420.0,170.0,4170.0,3305.0,8595.0,5520.0,0.0,64.0,1031.0,15.0,,1973.0,3882.0,343.0,756.0,411143.0,192.0,27.0,112.0,18.0,81.0,37.0,12.0,5.0,0.0,4.0,276.0,111.0,97.0,292.0,711.0,171.0,50.85001538,2522.181818,55.0,260.0
118,Wexford/Maryvale,119.0,10.2,27020.0,13015.0,14005.0,1430.0,1320.0,1530.0,1740.0,1710.0,1620.0,1570.0,1665.0,1940.0,2340.0,2235.0,1830.0,1465.0,1060.0,990.0,860.0,900.0,790.0,25830.0,1255.0,1070.0,565.0,515.0,145.0,1705.0,400.0,65.0,280.0,155.0,4285.0,3465.0,7930.0,4615.0,51800.0,67.0,1539.0,18.0,,3014.0,16717.0,945.0,735.0,422689.0,140.0,60.0,307.0,23.0,132.0,49.0,41.0,8.0,0.0,2.0,271.0,192.0,165.0,620.0,1073.0,262.0,86.67723451,3539.25,182.0,607.0
119,Clairlea-Birchmount,120.0,7.4,24775.0,12095.0,12670.0,1520.0,1305.0,1420.0,1585.0,1575.0,1730.0,1830.0,1780.0,1955.0,2220.0,1925.0,1550.0,1220.0,775.0,650.0,605.0,540.0,580.0,23025.0,1800.0,535.0,460.0,350.0,120.0,1360.0,740.0,75.0,230.0,60.0,4245.0,3170.0,5890.0,3125.0,48393.0,69.0,719.0,8.0,,2688.0,15391.0,831.0,741.0,387912.0,84.0,38.0,285.0,24.0,116.0,44.0,66.0,8.0,2.0,3.0,296.0,102.0,156.0,583.0,1190.0,268.0,63.837663600000006,3601.0,129.0,465.0
120,Oakridge,121.0,1.8,13505.0,6590.0,6915.0,1055.0,930.0,885.0,850.0,810.0,955.0,1035.0,1010.0,1125.0,1060.0,1035.0,725.0,555.0,435.0,340.0,250.0,205.0,265.0,12880.0,640.0,200.0,120.0,125.0,50.0,455.0,460.0,55.0,335.0,40.0,2880.0,1650.0,2760.0,1480.0,30400.0,71.0,165.0,2.0,,2967.0,1768.0,201.0,704.0,347446.0,54.0,55.0,169.0,13.0,91.0,30.0,14.0,4.0,0.0,4.0,188.0,50.0,97.0,376.0,498.0,76.0,19.11891564,3205.0,56.0,80.0
121,Birchcliffe-Cliffside,122.0,6.0,21860.0,10455.0,11390.0,1060.0,1045.0,1110.0,1370.0,1200.0,1115.0,1180.0,1415.0,1615.0,2105.0,2085.0,1745.0,1510.0,960.0,705.0,575.0,530.0,535.0,21080.0,740.0,105.0,245.0,220.0,120.0,345.0,60.0,70.0,75.0,20.0,3210.0,2565.0,6560.0,3315.0,64400.0,71.0,1143.0,8.0,,1789.0,3228.0,345.0,747.0,522905.0,110.0,26.0,208.0,4.0,105.0,39.0,20.0,9.0,0.0,2.0,276.0,70.0,132.0,411.0,771.0,193.0,64.45457811,2636.2631579999997,104.0,114.0
122,Cliffcrest,123.0,7.1,15700.0,7645.0,8060.0,775.0,840.0,1035.0,1125.0,985.0,790.0,695.0,905.0,1175.0,1410.0,1410.0,1130.0,1020.0,650.0,485.0,525.0,395.0,355.0,15340.0,560.0,415.0,200.0,200.0,65.0,365.0,100.0,90.0,150.0,40.0,2655.0,2105.0,4575.0,2430.0,0.0,54.0,928.0,16.0,,1342.0,2132.0,200.0,748.0,542218.0,70.0,30.0,131.0,14.0,44.0,59.0,7.0,4.0,0.0,1.0,161.0,40.0,125.0,289.0,478.0,108.0,51.38712788,3779.625,69.0,97.0
123,Kennedy Park,124.0,3.6,17050.0,8190.0,8875.0,975.0,925.0,1030.0,1140.0,1070.0,1095.0,1070.0,1140.0,1325.0,1530.0,1370.0,1220.0,900.0,645.0,540.0,475.0,365.0,255.0,16255.0,1145.0,955.0,315.0,265.0,75.0,1305.0,225.0,25.0,200.0,35.0,2940.0,2200.0,4405.0,2300.0,9000.0,62.0,354.0,6.0,,2583.0,1824.0,261.0,729.0,293600.0,82.0,48.0,225.0,20.0,78.0,59.0,23.0,8.0,0.0,0.0,280.0,97.0,105.0,461.0,805.0,117.0,30.81869749,2876.75,73.0,155.0
124,Ionview,125.0,2.0,13095.0,6205.0,6885.0,795.0,710.0,680.0,770.0,930.0,975.0,950.0,890.0,1010.0,1130.0,1010.0,830.0,685.0,500.0,420.0,330.0,265.0,175.0,12475.0,800.0,1075.0,140.0,170.0,45.0,1100.0,165.0,15.0,65.0,20.0,2190.0,1705.0,3195.0,1680.0,70000.0,70.0,285.0,4.0,,1675.0,1003.0,148.0,712.0,330109.0,45.0,17.0,81.0,17.0,32.0,14.0,11.0,0.0,1.0,0.0,84.0,27.0,45.0,173.0,402.0,32.0,16.898618,2664.0,22.0,111.0
125,Dorset Park,126.0,6.0,24360.0,11520.0,12840.0,1690.0,1460.0,1340.0,1505.0,1500.0,1700.0,1740.0,1790.0,1755.0,2000.0,1935.0,1525.0,1190.0,820.0,655.0,655.0,540.0,555.0,22755.0,2410.0,2955.0,205.0,290.0,70.0,1310.0,870.0,35.0,430.0,50.0,4490.0,2995.0,5960.0,3245.0,0.0,68.0,558.0,5.0,,2803.0,12722.0,969.0,727.0,279189.0,52.0,39.0,179.0,20.0,88.0,56.0,30.0,7.0,0.0,2.0,230.0,131.0,110.0,419.0,708.0,251.0,39.00312698,3959.0,93.0,348.0
126,Bendale,127.0,7.4,27870.0,13455.0,14405.0,1525.0,1460.0,1425.0,1655.0,2085.0,2030.0,1840.0,1905.0,1920.0,2080.0,1915.0,1645.0,1505.0,1135.0,1085.0,1070.0,850.0,710.0,26175.0,3585.0,1750.0,300.0,335.0,110.0,1445.0,970.0,45.0,425.0,175.0,4420.0,3735.0,8015.0,4855.0,7500.0,64.0,968.0,6.0,,2729.0,17680.0,853.0,738.0,329355.0,200.0,51.0,232.0,25.0,93.0,65.0,70.0,10.0,0.0,1.0,264.0,174.0,129.0,546.0,960.0,258.0,62.86449729,4499.117647,118.0,851.0
127,Agincourt South-Malvern West,128.0,7.9,21990.0,10630.0,11350.0,1080.0,930.0,1150.0,1480.0,1630.0,1500.0,1275.0,1360.0,1605.0,1950.0,1770.0,1500.0,1325.0,905.0,850.0,705.0,565.0,410.0,21155.0,9370.0,1035.0,415.0,130.0,60.0,500.0,395.0,25.0,170.0,70.0,3165.0,3095.0,6255.0,3435.0,8900.0,66.0,533.0,12.0,,1542.0,18329.0,1378.0,756.0,332710.0,135.0,20.0,141.0,24.0,110.0,44.0,36.0,5.0,0.0,2.0,233.0,125.0,66.0,380.0,558.0,160.0,55.9797809,3773.071429,125.0,281.0
128,Agincourt North,129.0,7.3,30280.0,14445.0,15845.0,1320.0,1345.0,1560.0,2000.0,2165.0,2145.0,1685.0,1715.0,2125.0,2655.0,2360.0,2105.0,2000.0,1430.0,1245.0,1025.0,745.0,650.0,28950.0,14710.0,2845.0,150.0,145.0,70.0,780.0,350.0,20.0,140.0,55.0,4235.0,4150.0,9225.0,5120.0,0.0,66.0,467.0,4.0,,1930.0,7449.0,353.0,765.0,375307.0,130.0,20.0,74.0,6.0,105.0,54.0,33.0,4.0,0.0,0.0,130.0,89.0,60.0,296.0,413.0,288.0,57.45648472,3584.058824,94.0,129.0
129,Milliken,130.0,9.4,27160.0,13055.0,14115.0,1265.0,1200.0,1330.0,1715.0,2020.0,2055.0,1500.0,1700.0,1820.0,2205.0,2130.0,2065.0,1855.0,1145.0,960.0,850.0,695.0,700.0,26090.0,16265.0,1515.0,45.0,75.0,20.0,675.0,235.0,0.0,60.0,30.0,3800.0,3710.0,8255.0,4325.0,2000.0,65.0,337.0,1.0,,1921.0,16901.0,2090.0,770.0,387879.0,220.0,5.0,79.0,3.0,124.0,32.0,67.0,15.0,0.0,2.0,183.0,89.0,43.0,325.0,425.0,426.0,67.435866,3917.571429,160.0,487.0
130,Rouge,131.0,37.6,45905.0,22275.0,23635.0,2670.0,2705.0,3150.0,3465.0,3475.0,3265.0,2865.0,2810.0,3170.0,3705.0,3670.0,3355.0,2790.0,1795.0,1155.0,800.0,570.0,535.0,43685.0,1455.0,7140.0,255.0,300.0,125.0,2365.0,1230.0,35.0,410.0,90.0,8530.0,6925.0,10970.0,4825.0,0.0,42.0,805.0,2.0,,2994.0,14207.0,877.0,738.0,426850.0,210.0,33.0,170.0,30.0,134.0,62.0,91.0,14.0,0.0,2.0,296.0,220.0,179.0,534.0,838.0,770.0,115.74493670000001,4300.913043,199.0,263.0
131,Malvern,132.0,8.9,45085.0,21560.0,23530.0,2925.0,3045.0,3250.0,3475.0,3485.0,3385.0,2930.0,3005.0,3100.0,3540.0,3095.0,2750.0,2535.0,1765.0,1160.0,825.0,490.0,315.0,42915.0,2885.0,6240.0,105.0,445.0,100.0,2305.0,2350.0,15.0,325.0,70.0,9220.0,6960.0,9825.0,4545.0,101775.0,61.0,498.0,0.0,,5078.0,11173.0,625.0,724.0,256488.0,81.0,81.0,319.0,37.0,118.0,118.0,51.0,3.0,2.0,2.0,283.0,174.0,161.0,729.0,979.0,334.0,74.91197001,3766.7727270000005,180.0,232.0
132,Centennial Scarborough,133.0,5.4,13100.0,6355.0,6740.0,625.0,680.0,840.0,975.0,940.0,650.0,585.0,730.0,910.0,1125.0,1155.0,1010.0,940.0,760.0,560.0,305.0,170.0,120.0,12745.0,405.0,265.0,250.0,85.0,80.0,360.0,175.0,40.0,95.0,35.0,2145.0,1915.0,3875.0,1930.0,0.0,54.0,611.0,2.0,,399.0,951.0,126.0,774.0,491024.0,80.0,2.0,50.0,4.0,27.0,9.0,13.0,2.0,0.0,1.0,52.0,43.0,52.0,107.0,243.0,115.0,45.86598925,2994.571429,44.0,44.0
133,Highland Creek,134.0,5.1,13100.0,6435.0,6660.0,445.0,585.0,710.0,930.0,1130.0,1020.0,710.0,585.0,715.0,1015.0,1085.0,1125.0,1050.0,740.0,490.0,345.0,180.0,245.0,12505.0,685.0,1060.0,305.0,70.0,85.0,465.0,215.0,15.0,80.0,70.0,1745.0,2055.0,4155.0,1985.0,0.0,54.0,433.0,1.0,,724.0,1798.0,91.0,751.0,529278.0,110.0,11.0,70.0,9.0,80.0,19.0,17.0,1.0,0.0,0.0,99.0,91.0,48.0,207.0,290.0,100.0,37.845626,3516.833333,70.0,50.0
134,Morningside,135.0,5.6,17585.0,8445.0,9140.0,1080.0,995.0,1045.0,1375.0,1460.0,1250.0,1035.0,990.0,1160.0,1345.0,1355.0,1175.0,1000.0,670.0,600.0,470.0,335.0,260.0,16515.0,585.0,1715.0,80.0,185.0,40.0,1075.0,610.0,15.0,215.0,70.0,3130.0,2845.0,4475.0,2310.0,22000.0,53.0,460.0,8.0,,2534.0,3566.0,108.0,711.0,289646.0,28.0,24.0,161.0,27.0,47.0,51.0,19.0,1.0,0.0,4.0,216.0,61.0,99.0,330.0,457.0,88.0,32.28313942,4873.142857,35.0,118.0
135,West Hill,136.0,9.6,26550.0,12560.0,14000.0,1575.0,1550.0,1820.0,2055.0,1870.0,1600.0,1460.0,1525.0,1935.0,2145.0,2090.0,1800.0,1515.0,1105.0,900.0,670.0,485.0,445.0,25380.0,575.0,810.0,330.0,435.0,90.0,985.0,425.0,65.0,445.0,60.0,4950.0,3930.0,6925.0,3615.0,55370.0,66.0,765.0,8.0,,4974.0,4500.0,424.0,706.0,308229.0,153.0,87.0,387.0,52.0,102.0,71.0,46.0,3.0,1.0,3.0,338.0,78.0,142.0,749.0,1145.0,166.0,61.14700126,3824.181818,80.0,209.0
136,Woburn,137.0,12.2,53350.0,26005.0,27330.0,3485.0,3415.0,3400.0,3575.0,4005.0,3825.0,3835.0,3805.0,3830.0,3945.0,3580.0,2905.0,2355.0,1950.0,1800.0,1690.0,1185.0,820.0,50890.0,3560.0,4665.0,430.0,615.0,180.0,2075.0,1740.0,70.0,1070.0,125.0,10295.0,7585.0,12655.0,7425.0,144255.0,66.0,1429.0,22.0,,6747.0,16190.0,1073.0,723.0,316584.0,214.0,77.0,412.0,29.0,128.0,107.0,45.0,7.0,3.0,2.0,504.0,219.0,223.0,808.0,1469.0,438.0,102.835355,4656.6,139.0,507.0
137,Eglinton East,138.0,3.2,22830.0,10580.0,12240.0,1555.0,1500.0,1500.0,1545.0,1535.0,1450.0,1485.0,1515.0,1675.0,1745.0,1635.0,1395.0,1130.0,850.0,740.0,615.0,535.0,420.0,21580.0,915.0,2740.0,255.0,325.0,90.0,1540.0,340.0,30.0,305.0,55.0,4535.0,3080.0,5695.0,3150.0,5800.0,62.0,396.0,5.0,,4171.0,2351.0,296.0,705.0,274020.0,143.0,48.0,239.0,17.0,88.0,66.0,23.0,10.0,1.0,0.0,223.0,76.0,111.0,492.0,720.0,122.0,29.46464034,3086.0,61.0,180.0
138,Scarborough Village,139.0,3.1,16615.0,7825.0,8790.0,1200.0,1140.0,1150.0,1240.0,1220.0,1035.0,1040.0,1045.0,1205.0,1280.0,1155.0,1080.0,795.0,525.0,430.0,360.0,335.0,360.0,15860.0,330.0,1625.0,160.0,250.0,50.0,505.0,865.0,40.0,525.0,35.0,3485.0,2445.0,3885.0,2000.0,3200.0,70.0,410.0,6.0,,4133.0,1851.0,228.0,699.0,356096.0,217.0,31.0,226.0,31.0,93.0,62.0,27.0,3.0,1.0,1.0,180.0,35.0,94.0,474.0,652.0,65.0,23.14334537,2111.6,29.0,110.0
139,Guildwood,140.0,3.8,9815.0,4550.0,5270.0,370.0,440.0,485.0,565.0,510.0,395.0,395.0,515.0,650.0,710.0,855.0,780.0,650.0,560.0,500.0,570.0,470.0,420.0,9495.0,185.0,75.0,110.0,95.0,40.0,165.0,25.0,50.0,70.0,30.0,1285.0,1075.0,3920.0,2490.0,11500.0,59.0,903.0,14.0,,309.0,924.0,67.0,774.0,444309.0,171.0,9.0,44.0,7.0,32.0,14.0,5.0,2.0,0.0,0.0,48.0,24.0,48.0,113.0,284.0,56.0,31.41879421,2114.875,29.0,23.0
